title,company,experience,salary,location,skills,posted,job_link,search_query,scraped_at,title_clean,job_category,exp_min_years,is_fresher_friendly,salary_clean,skills_list
Data Analyst,,N/A,Not Disclosed,,,N/A,https://in.indeed.com/rc/clk?jk=924a0fa6c94c68dc&bb=hbMHfeo57IutRrw3C1NscwvqdOsGIVODqx5UFy2BF2s-K14JW8TGiRontoxVKW28bkoW5kfVvmU1v5scJi_tlbAQVrG7mWWvvqnv2NiFuv7c1L8rfKHRE7Gh1yXQyybjp5_5vBhJ3vZb5ujOKbdQSA%3D%3D&xkcb=SoAT67M3l-KBC_zCIh0LbzkdCdPP&fccid=b812544c2237ac63&vjs=3,Data Analyst,2026-04-11 15:54:08,data analyst,Data Analyst,,True,,['general ai/ml']
Base Data Analyst,,N/A,Not Disclosed,,,N/A,https://in.indeed.com/rc/clk?jk=305f6791cb714cb3&bb=hbMHfeo57IutRrw3C1Nsc934KYH8qycMbRlU-vpvfnrHQ0mcAuqgjMpHSFWyiN50gA1XvQ-f1TfESYOy6A_A3LGuhDfxX53tMH5tbvBZWXWvCQREHBh9FkhjozyGMPSlRxoBfmgAvMWKfHtngjPkWg%3D%3D&xkcb=SoCn67M3l-KBC_zCIh0KbzkdCdPP&fccid=698630bfb24a65a2&vjs=3,Data Analyst,2026-04-11 15:54:08,base data analyst,Data Analyst,,True,,['general ai/ml']
,,N/A,Not Disclosed,,,N/A,https://in.indeed.com/viewjob?jk=789abcdef0123456,Data Analyst,2026-04-11 15:54:09,,Other,,True,,['general ai/ml']
Data Analysis,,N/A,Not Disclosed,,,N/A,https://in.indeed.com/rc/clk?jk=0c27fa425fc171c3&bb=hbMHfeo57IutRrw3C1Nsc_LSknAMQGzpdqpDSWoUzNrlb2ZoT7BBDSK2I_k4mMU6Hk8ExgBunRGA_b2EkfletLmO93_AioIvgmQFfZ_b0wuQ-XdVZcuHQ0mT_0jj5WnKOKNTAs2CwIY8b0S1XPaOgA%3D%3D&xkcb=SoCO67M3l-KBC_zCIh0IbzkdCdPP&fccid=43907c6ff1136578&vjs=3,Data Analyst,2026-04-11 15:54:09,data analysis,Other,,True,,['data analysis']
Business Analyst,,N/A,Not Disclosed,,,N/A,https://in.indeed.com/rc/clk?jk=33f9413e7bfa73ef&bb=hbMHfeo57IutRrw3C1Nsc1vxhvyFRiCzHQ9stZX_fbfQPke6bWe775BR4hCmZ9vNptHUlVUD-CGNX5O1K876BmI5ykNCRcbjdSZhAx7DCzcE8zaEQQZ8XEvdUl0sy2VBTd63vyXcPiCBgQ3Hfi_MaA%3D%3D&xkcb=SoC067M3l-KBC_zCIh0ObzkdCdPP&fccid=aecf9cb29123b6cd&cmp=MindTrilogy-IT-Solutions-Pvt.-Ltd&ti=Business+Analyst&vjs=3,Data Analyst,2026-04-11 15:54:09,business analyst,Other,,True,,['general ai/ml']
Analyst,,N/A,Not Disclosed,,,N/A,https://in.indeed.com/rc/clk?jk=44a7d232f61495b4&bb=hbMHfeo57IutRrw3C1Nsc934KYH8qycMH_XGnY48zdNo72BcA0Ayn_gMmWPPY4bnp9ZadW9Ey_qOy0yiHFNXFlSuIPfAbzIytCQa2zSRq8kyqJWxvsJbkOp98bj1xHvSva7aT8Fv3PE4Md2fVGcS4A%3D%3D&xkcb=SoCd67M3l-KBC_zCIh0MbzkdCdPP&fccid=e6a2604cd4491b02&vjs=3,Data Analyst,2026-04-11 15:54:10,analyst,Other,,True,,['general ai/ml']
"Business Devloper , Business Analyst, Business Management & Team Leader",,N/A,Not Disclosed,,,N/A,https://in.indeed.com/rc/clk?jk=8a79a005fb26fc8e&bb=hbMHfeo57IutRrw3C1Nscxd0vOlHmWBQGViQBKc994kqjtEohJ2xeGHHuOcZJECjDewMjGSk5QMPgpqWsAIV_DuT52lTrrjRy9HFGk7jIARz8Zmi8AsDsAkXzTu1nLPpERe2pr6zQ7DDerbUaICErA%3D%3D&xkcb=SoBn67M3l-KBC_zCIh0HbzkdCdPP&fccid=883d155483943991&cmp=IGB.PVT.LTD.PUNE&ti=Business+Analyst&vjs=3,Data Analyst,2026-04-11 15:54:11,"business devloper , business analyst, business management & team leader",Other,,True,,['general ai/ml']
Data Analyst I,,N/A,Not Disclosed,,,N/A,https://in.indeed.com/rc/clk?jk=b00d4afee021fcb6&bb=hbMHfeo57IutRrw3C1Nsc70Vqcv7qoHSsQUhWgmIohxpDhq1vRAXsrHPDigDaoIC-OzB_4VH6FS_KhoyqH9vOx_nCLTCcGunwTXJKUuTbU2uIjtK3m7b8zijZY5YUQt_8AsfgGd1ynleKA3U77DFSw%3D%3D&xkcb=SoDT67M3l-KBC_zCIh0GbzkdCdPP&fccid=a9349609db57fc4a&vjs=3,Data Analyst,2026-04-11 15:54:11,data analyst i,Data Analyst,,True,,['general ai/ml']
DATA ANALYST L4,,N/A,Not Disclosed,,,N/A,https://in.indeed.com/rc/clk?jk=dc1351435e0e51d2&bb=hbMHfeo57IutRrw3C1Nsc014g-WTynCgiQB6kgEfimUf7l7pb8L4z7FCOkdp-vxaYaQ5sZzCywYUZQPTeS9shqWVRTDwuLxMQ0sHv1wcmJiRBQ_GpWX9UkiAl5FCv_ZtT2M7jmdBG4AI5xchJ3dkLw%3D%3D&xkcb=SoBO67M3l-KBC_zCIh0FbzkdCdPP&fccid=8d25321c1defe73f&vjs=3,Data Analyst,2026-04-11 15:54:11,data analyst l4,Data Analyst,,True,,['general ai/ml']
Data Scientist II,,N/A,Not Disclosed,,,N/A,https://in.indeed.com/rc/clk?jk=dd495cefaaa632cd&bb=7aSFUOrTNqjeQ4JLTW_SXNRwoyjml6E-wPZGJgmwnrdkVGpWmkLwca8tcjhHRwRCdsNwpwkaTOpbGHs4XBMQAVysDLtd7p3jQs9osmyZIs-36MlmpoqqkDQ-LsiWAZ2q_LK4-_cDaz5_igvo5tBM7g%3D%3D&xkcb=SoDz67M3l-KSoPAfb70LbzkdCdPP&fccid=50208b5bf45ee3b8&vjs=3,Data Scientist,2026-04-11 15:56:07,data scientist ii,Data Scientist,,True,,['general ai/ml']
Data Scientist – Forecasting Analytics,,N/A,Not Disclosed,,,N/A,https://in.indeed.com/rc/clk?jk=0aa8eb57a208a5f4&bb=7aSFUOrTNqjeQ4JLTW_SXJ4s0iGmE4YKIpAZwfS54oNhV5GiPvjECh_cxQMxDxVYXVfVPzQQFGoybl4PSKjCD56iXXXXVF-SQXMDOaS7DUCJGi7np1ZjxDgGiZ17hZ0QIXQC3RopwukxTjdS0ELfrQ%3D%3D&xkcb=SoBH67M3l-KSoPAfb70KbzkdCdPP&fccid=d00c7d11abb72afb&cmp=PillerSoft-Technology&ti=Data+Scientist&vjs=3,Data Scientist,2026-04-11 15:56:07,data scientist – forecasting analytics,Data Analyst,,True,,['general ai/ml']
Data Scientist,,N/A,Not Disclosed,,,N/A,https://in.indeed.com/rc/clk?jk=31d3018529834e7f&bb=7aSFUOrTNqjeQ4JLTW_SXOgokEERVAwgyAFdBZYxonBXKjqhhED9-a7izhMRWLBwKOJxVBk7fIFKfk32dHG0LPnzGM0tHNjMdEif649jjLAO2OHvNmBgezHqOfDmm-R1qGegvsvpTOHpD372HUFi9Q%3D%3D&xkcb=SoDa67M3l-KSoPAfb70JbzkdCdPP&fccid=6b7e9b8dc015eb91&vjs=3,Data Scientist,2026-04-11 15:56:07,data scientist,Data Scientist,,True,,['general ai/ml']
Lead Data Scientist,,N/A,Not Disclosed,,,N/A,https://in.indeed.com/rc/clk?jk=66d3d802668c1c53&bb=7aSFUOrTNqjeQ4JLTW_SXNkgXY_DJam5BW29uACkuevgo0hjk5JjeINz6uqEoXZh0yenvCHtv3qmAIO3MM4s_Uk5FToJKlHdrCWnAn9puEMUIDVfxBGU0oZRrgun2UzKAkldL8J-3H-TtR8XyVSJiQ%3D%3D&xkcb=SoDg67M3l-KSoPAfb70PbzkdCdPP&fccid=36567d162e89fba2&vjs=3,Data Scientist,2026-04-11 15:56:08,lead data scientist,Data Scientist,,True,,['general ai/ml']
Data Scientist (Machine Learning),,N/A,Not Disclosed,,,N/A,https://in.indeed.com/rc/clk?jk=11192ca6b24a25da&bb=7aSFUOrTNqjeQ4JLTW_SXD72WQ5JGhvoC53SYrnL1dardtOqytVf2kS9SI74Xq_v8wolAgwqR_S0xwa3U3aL_0QeH9NGM_ReplwClywNWrnZo3TGU7pWU4wCeD7A-o6z2wUPK8hANi9Zz2SkndESIw%3D%3D&xkcb=SoBU67M3l-KSoPAfb70ObzkdCdPP&fccid=fc3782405cd7206a&vjs=3,Data Scientist,2026-04-11 15:56:08,data scientist (machine learning),Data Scientist,,True,,['machine learning']
Data Scientist People Data Analytics & Insights,,N/A,Not Disclosed,,,N/A,https://in.indeed.com/rc/clk?jk=d5effb2f1da0319c&bb=7aSFUOrTNqjeQ4JLTW_SXAOZZdgqjibKPolLCv0Y4Va6vpfkRgWpOF9p0XN81yc56kp9MfnekdzwejHRxATtI4P7wSCUXVxKJHe6kPdVXlRoTh6l8e4-wkp5ymMs59tqLdCSymKlUT8t-gAoFNoPnQ%3D%3D&xkcb=SoB967M3l-KSoPAfb70MbzkdCdPP&fccid=4b591699397a32d3&vjs=3,Data Scientist,2026-04-11 15:56:08,data scientist people data analytics & insights,Data Analyst,,True,,['general ai/ml']
Data Scientist - NLP Focussed,,N/A,Not Disclosed,,,N/A,https://in.indeed.com/rc/clk?jk=010139066905f379&bb=7aSFUOrTNqjeQ4JLTW_SXDRDL1pFg6LXoUFp2iEVGNOmwjmKzE67SZo7lUTk-7Xj0rbf9jsYPbXpmP3HbUAlOMautDEDMLqDfxQzMdgltMSvODMKHsm91RP_eMp5UNuBkv7j45bfrAO6o2zMv8Q6cA%3D%3D&xkcb=SoAg67M3l-KSoPAfb70CbzkdCdPP&fccid=ea6bb53f0b18b8f2&vjs=3,Data Scientist,2026-04-11 15:56:08,data scientist - nlp focussed,Data Scientist,,True,,['nlp']
Data Scientist – R01558796,,N/A,Not Disclosed,,,N/A,https://in.indeed.com/rc/clk?jk=1aaf6aa826473145&bb=7aSFUOrTNqjeQ4JLTW_SXP8q94dV7eskOJZA7_8bxP3E1BMdXW9p03nOaIGzOQagH1NwzRpbgZP568psxv6SqVeQFTREouVi_wvLYauJ3lyu6dY_reaxjX_2lsizfCAiLP3KrblUsy0Wxv3niB3IzA%3D%3D&xkcb=SoCH67M3l-KSoPAfb70HbzkdCdPP&fccid=a2520645450d003a&vjs=3,Data Scientist,2026-04-11 15:56:09,data scientist – r01558796,Data Scientist,,True,,['general ai/ml']
Data Engineer,,N/A,Not Disclosed,,,N/A,https://in.indeed.com/rc/clk?jk=af2044bd9cf5675f&bb=7aSFUOrTNqjeQ4JLTW_SXN0TZze39ZbDXHlV0j2rFZjQsFNvfB2b2WEvKQTG5y8332LfGE_-T6OBdZsB7q7gldXL5IF0gehmr7TUjVtybVw_21uC-bcVa1H_UYr0dSIBB-XzfSgGzeTwW9aQpDI9qQ%3D%3D&xkcb=SoAz67M3l-KSoPAfb70GbzkdCdPP&fccid=057abf3fd357e717&vjs=3,Data Scientist,2026-04-11 15:56:09,data engineer,Other,,True,,['general ai/ml']
Machine Learning Engineer,,N/A,Not Disclosed,,,N/A,https://in.indeed.com/rc/clk?jk=181f99a077bd2fbc&bb=HFjK6ooHJ1xLcsLVsnbicUlD_7uj0lbnAUGywjjTqHGp7j8IqOj0NoqwoiK8DiPMg-MxY5y88iA23dK25NwFJx6fhyTYIvk3l6J-AuqzDT1mZC09vkiHnYohqNa2Mmfj&xkcb=SoCt67M3l-KiXTTFzp0LbzkdCdPP&fccid=0df40d1925ee7498&vjs=3,Machine Learning Engineer,2026-04-11 15:58:18,machine learning engineer,ML Engineer,,True,,['machine learning']
AI/Machine Learning Engineer,,N/A,Not Disclosed,,,N/A,https://in.indeed.com/rc/clk?jk=d17222b07072ec0f&bb=HFjK6ooHJ1xLcsLVsnbicThFN0qQa8FRPu7b8Do7V37hby8j7yr-VawOxXHxJsA3u1hseT2pDBpmU8T_hb_MVvRlu01VIRkEg3S7naSeRr7MRYrSYsYT3q5jAzzp4-3z&xkcb=SoAw67M3l-KiXTTFzp0IbzkdCdPP&fccid=79a6848df3604524&vjs=3,Machine Learning Engineer,2026-04-11 15:58:19,ai/machine learning engineer,ML Engineer,,True,,['machine learning']
Machine Learning,,N/A,Not Disclosed,,,N/A,https://in.indeed.com/rc/clk?jk=fdb515c29035f02f&bb=HFjK6ooHJ1xLcsLVsnbicXOaCGnwoju3deCo4hSlT-6c-D6gGlKxsGWjHRIruK5946ThH4-0apj7ge5707NaOWrfMamFjIAio9cw2OBNDrdW0tzsEM0LL7Ph2xdVx6AC&xkcb=SoC-67M3l-KiXTTFzp0PbzkdCdPP&fccid=d25b81641b46bd1c&vjs=3,Machine Learning Engineer,2026-04-11 15:58:19,machine learning,ML Engineer,,True,,['machine learning']
Machine Learning - Pune,,N/A,Not Disclosed,,,N/A,https://in.indeed.com/rc/clk?jk=3ab3967c47c022f3&bb=HFjK6ooHJ1xLcsLVsnbicQlPPlkQxR7rc63buAuBvzn9sPw7qMgJV8z5_TL3rAW0GiWoyDnM3uIv0NF3Rcp_ZeWCmpnzHODmccl7JKPQhf9LJ4WAcJnvrvR0_vX_CdbY&xkcb=SoAK67M3l-KiXTTFzp0ObzkdCdPP&fccid=2385f8ebf01f1b76&vjs=3,Machine Learning Engineer,2026-04-11 15:58:20,machine learning - pune,ML Engineer,,True,,['machine learning']
AI Engineer,,N/A,Not Disclosed,,,N/A,https://in.indeed.com/rc/clk?jk=f27ae9b7b7b2df82&bb=HFjK6ooHJ1xLcsLVsnbicUG_WDJsRpcbDSuhehwZ1Owvlh3mSs6m24pT0xR4aW_Mgswe7QdOI4NRVASAta25RCH8Lo70GA37M8632bxI5FCfjMW4cb98rjF2w_3iSglL&xkcb=SoCX67M3l-KiXTTFzp0NbzkdCdPP&fccid=d9b9208177142548&vjs=3,Machine Learning Engineer,2026-04-11 15:58:20,ai engineer,AI Engineer,,True,,['general ai/ml']
Computer Vision Engineer,,N/A,Not Disclosed,,,N/A,https://in.indeed.com/rc/clk?jk=96c0d033564f0443&bb=HFjK6ooHJ1xLcsLVsnbicQC5q3DWUPkTH2NDEnrMVKbUCic4AzRKt34GTBDrVfxw8FQuehs5jz5kFE8w8FDN8sCaeuCZ7vnnGbxjcdSVQNgUaLT6hXPuFNtvqdCgadRH&xkcb=SoDK67M3l-KiXTTFzp0DbzkdCdPP&fccid=5d86ebd8a449630d&cmp=NHN-Solutions&ti=Computer+Vision+Engineer&vjs=3,Machine Learning Engineer,2026-04-11 15:58:20,computer vision engineer,Other,,True,,['computer vision']
Specialist Machine Learning Engineer,,N/A,Not Disclosed,,,N/A,https://in.indeed.com/rc/clk?jk=61b58c5c49875934&bb=HFjK6ooHJ1xLcsLVsnbicUG_WDJsRpcbgbrRanrDF6GgNkjME-mE1rBjnCRB1LWaadMP5YFTHAjGoA4NOeyW28wwScCXKO7oRZaebaV_leNnbY1VVMdRzQ2x96mxBGeW&xkcb=SoDj67M3l-KiXTTFzp0BbzkdCdPP&fccid=0626d53d2aead2a2&vjs=3,Machine Learning Engineer,2026-04-11 15:58:21,specialist machine learning engineer,ML Engineer,,True,,['machine learning']
Senior Machine Learning Engineer,,N/A,Not Disclosed,,,N/A,https://in.indeed.com/rc/clk?jk=38273eb081d40265&bb=HFjK6ooHJ1xLcsLVsnbicV-RwuuuZmVQQEeICwNr6TVWRy5Xq318ZUK36cmggezY4EpMIPhO4_12SyqhEQf2hJIq9pp_4PPXU7nT1oswgc8rCRD1ba0Ys79CKbAC82eU&xkcb=SoBX67M3l-KiXTTFzp0AbzkdCdPP&fccid=282ba7a67557b5b3&vjs=3,Machine Learning Engineer,2026-04-11 15:58:21,senior machine learning engineer,ML Engineer,,True,,['machine learning']
Machine Vision Engineer,,N/A,Not Disclosed,,,N/A,https://in.indeed.com/rc/clk?jk=8eee600eca11d3b2&bb=HFjK6ooHJ1xLcsLVsnbiceaZmmT3y847qbKv43wyhrespgZL6tPURb1dwTGcQrFCeJIWQJ24IOkrWYWFQPCdTt9XbmpmP7jJWF8404jL5cmJqJ0x4nLnhnhv7br89bX-&xkcb=SoDZ67M3l-KiXTTFzp0HbzkdCdPP&fccid=ea47cf221c8e0523&cmp=Dalnex-LLP&ti=Computer+Vision+Engineer&vjs=3,Machine Learning Engineer,2026-04-11 15:58:22,machine vision engineer,Other,,True,,['general ai/ml']
Associate ML Engineer,,N/A,Not Disclosed,,,N/A,https://in.indeed.com/rc/clk?jk=9910af038d46bdba&bb=HFjK6ooHJ1xLcsLVsnbicWtkGc3UirQDtEJRes_8qMFXkXmxdOIlcgHTQUqRsPw-9lE0ulFNGzcxdIWsREtpzLtF4WhGmrF3dl3IyRMiDJULzgZXmwW4pVUrQnstDK7f&xkcb=SoBt67M3l-KiXTTFzp0GbzkdCdPP&fccid=87f38351bd29de24&vjs=3,Machine Learning Engineer,2026-04-11 15:58:22,associate ml engineer,ML Engineer,,True,,['general ai/ml']
AI/ML Engineer,,N/A,Not Disclosed,,,N/A,https://in.indeed.com/rc/clk?jk=6639c642acede837&bb=HFjK6ooHJ1xLcsLVsnbicbRyVWC8Dn0WFwhWpReCs7ppdDAINXb0As6KIAIEj5OtuSctI15I_WNu1CPoCtK4XSr5rn33W7Aj9jDi46akMWn7oq_zGtez5RZb7j43GTE6&xkcb=SoDw67M3l-KiXTTFzp0FbzkdCdPP&fccid=1a6230f8679502fb&cmp=UrbanRoof-Private-Limited&ti=Ai%2Fml+Engineer&vjs=3,Machine Learning Engineer,2026-04-11 15:58:22,ai/ml engineer,ML Engineer,,True,,['general ai/ml']
AI & ML Intern,,N/A,Not Disclosed,,,N/A,https://in.indeed.com/pagead/clk?mo=r&ad=-6NYlbfkN0CZodFag67tWIkabHQhK5ZIPqEPx9XC164AWb2OONGzgSo1pgqW091PaUNwltef2hOnj9AY0wmizKJUDbdYq6SFn2oO4mfwrgEd3ftGXiblBDxgZTmCaXnfymLUv4OhWEhShHC1HSX-4QH35ozdEkAo5cGAFRKDxD7hXBXIWd9Vk6bsE507wACZERP-_oUUQbl7zYxJH1aQ4q3mIFv1MQ5Wk_5BlNdyyCOGhRTmN4ssEmYFARoXXalhiK2II1RvWHfkth48-HVsPVxdfg0KnOGjSik-6Uf82OClE4bTOJdnuhVDfOmwccPxGN1yKkV22d1dkDsFnsT5bvSZhWMLRbTle-T1RO4sQPR6W4A97AxDQRb9ZAOUWv8hRvtzgVsvJPOZupBY0eTr4VcSbfQqLJcwG8z6Rtofsb5QQRPVnqaeaU0PRi9qKA3QHt1oKQXJUjIqYfMEjJV2K-CXbhdrJHuCqRCTfdX9O_Am81Sa-h3yVdYqebwwO8vffu0k7Qezr6JFSwQ__cNSK33bSkIk4da4tkm_m5T79D79UXKu2QU78v3afncWuhJcrcjDoupadb620bbTYXUEjgtLsx68s-LNONcT5JURHjWzi1Bx5M5plrPBJUKaZDPU4aoAMR8J1WVg1jVEAe9FOSe35DU6MCEDRzhzJNJ-HHHkwbCYxiXIIw==&xkcb=SoCR6_M3l-K08JTCNx0PbzkdCdPP&camk=UoKtGZLa3XIBPH-3HWnSBw==&p=1&fvj=0&vjs=3,Junior Data Scientist,2026-04-11 16:00:11,ai & ml intern,Intern/Trainee,,True,,['general ai/ml']
Python - AIML,,N/A,Not Disclosed,,,N/A,https://in.indeed.com/rc/clk?jk=3807880d0fcde9e2&bb=T1XvXLWcYaznBFyWmi9ZZbyO4teUaoBQDirZbeMYT8KD4qrbUZs8aHEnaOdhSo6ujXk32QYBWRIYTBRwXVdANRxb2UuyDlMGrAyZVuxuKge9NSilUWezrwk58nGA163fCNakLZvNUYLgWck_A4cga05T0dKpYjhT&xkcb=SoA467M3l-K08JTCNx0BbzkdCdPP&fccid=2b6d3eaf32a9bcf7&vjs=3,Junior Data Scientist,2026-04-11 16:00:12,python - aiml,Other,,True,,['python']
Data Science & Analytics Trainer (Full-Time) – Pune,,N/A,Not Disclosed,,,N/A,https://in.indeed.com/rc/clk?jk=cb5f4ab7fffa578c&bb=T1XvXLWcYaznBFyWmi9ZZWgxu_sv858N-s_xELvyjoN6eLX0YS5QsfFMcrBMkydkRTh02m1Gwfyyj4OqLTl9tPQPuBkD-Fxb5KtBkcvQdul_eM1fkHQD2q0OAklh4jUZAAb8iVvPL9k7OvgiT94YrYdxIWaV7AHp&xkcb=SoCM67M3l-K08JTCNx0AbzkdCdPP&fccid=d5bc382584d48b77&cmp=Technobrilliant-Learning-Solutions&ti=Data+Scientist&vjs=3,Junior Data Scientist,2026-04-11 16:00:12,data science & analytics trainer (full-time) – pune,Data Analyst,,True,,['data science']
AI/ML Intern,,N/A,Not Disclosed,,,N/A,https://in.indeed.com/rc/clk?jk=e69050a5f08ab246&bb=T1XvXLWcYaznBFyWmi9ZZR6yGanstasdIi2qokH2-0ikTEkoB83FvAxSZVY5YUTmsj9p_uCXdwOOf3hJ0fG-ecfuAiyDSTAtvCf0XnpMHfNBjeLM_xO3Dn86hlyxQBe-6du2pwTfaO3jrWA7UuyIKmMO7J6V6Zln&xkcb=SoAr67M3l-K08JTCNx0FbzkdCdPP&fccid=41cd1f45bb85e354&cmp=Muks-Robotics-LLP&ti=Ai%2Fml+Engineer&vjs=3,Junior Data Scientist,2026-04-11 16:00:13,ai/ml intern,AI Engineer,,True,,['general ai/ml']
Intern- Machine Learning (Gen AI),,N/A,Not Disclosed,,,N/A,https://in.indeed.com/rc/clk?jk=98b1397b12d9a513&bb=T1XvXLWcYaznBFyWmi9ZZSxSEr13SWEa-4wh-0AmYC9zvKaNRsOuTekmggHWJ-o9vc9QswnxZ3nvfOkOHu3ccEgaAP-BsPbSN52FFtYTxzWULs3DC-_UqDAchbr9hiOj5c4KIt3vinPmErE5ZOos2wb4zIj4JqDs&xkcb=SoCf67M3l-K08JTCNx0EbzkdCdPP&fccid=eb193642f8c64a12&vjs=3,Junior Data Scientist,2026-04-11 16:00:13,intern- machine learning (gen ai),ML Engineer,,True,,['machine learning']
AI Developer,,N/A,Not Disclosed,,,N/A,https://in.indeed.com/rc/clk?jk=28504f996676b1d0&bb=oISg1X9x5IbHk655CuB-WXApanVQRRod9ayGzgrkaZzBXp4TeZFrU_aZ5hMKbILVwMPkI73X73inkIPWQcSdJySl2cDQD_Typcl511m_mHhwmk3ch0jjN8Pud1mTGPk-&xkcb=SoDT67M3l-LGdozFzJ0LbzkdCdPP&fccid=10ba9b741d70337f&cmp=Fittr&ti=Ai+Developer&vjs=3,AI & ML intern,2026-04-11 16:02:09,ai developer,Other,,True,,['general ai/ml']
Customer Service Representative - AI Trainer,,N/A,Not Disclosed,,,N/A,https://in.indeed.com/pagead/clk?mo=r&ad=-6NYlbfkN0CnM4TERr6XuVBW3VTRACvDXDx9S3Pbn6a0SwhkmoLTiIZpxuUfjFtTLag-19gp2VTnaBQsgBaU_1TBd7h9OZ7g6Ontwc_u767eRgmzavAI-bbBRP1m06bE8KAy-7yd3VGqy7fnPpxROFlvssNQOXQKYtc6wO9GhWOYpEhgsfokwYbVU4qIxTxlrn-aTrk2OuUlDMwXxTY5bcb_1irCHud4RW9AjHwCeWaCqQy_WVaBgK_U5W0zJnJbEI7ft8OHHHVjUDG92R71S4kH1ykOENme3DdmJmg-DM4coVC4NhXdjzViRWhxb-ivoj4dPjRJRd_NPYNV-k-X1ozfLTu6CjXiwkpDlT62KqAHTrgRZF3raq6T5OGc6QeRAnAQkz9g49rRwlPotQyfmCNGKTRTPEUYLPM1emVmO3lm7DSHCPnXLrd4ED---47qxS3my-Unpqgif1LewR653nV4JCFTBupiCazr_GcvzhXnBTcKi601fkrxdynw590kUEWB5i5Cl3X6J_AJ5KzBHT_IDogMkgcqzzyHxmweoh62snGhqtqwt8QzH7uKHi5vo8YPKFbaXuTN5d0m-YSwUurL5jkdsnYg81Q3mq8DZ9SI4MNyn3BGQd4gOZuODt_S8u5eXgaaWwB33Tm9WTKQoVrZP4uafmkTuBFnsustp_6kG9XpQ5HZpZvopaz5I1unCrdzLbTFkorKEHjHyO53od0F3PFyK_6SqbbmHQ24NKW0Wn87Bb7s0H6wYgUu7skBrZGyoZtFf4YFFdA95gxaGTeBC5x09eCDjOOghZEXR2VPzknV3BPV6gYPPzj5_-jc8eJ2V_7zo9q0fhCvPxsI7SKoV_XadrVUZRi_CUWnk_3m7NIPbcxd2Q==&xkcb=SoCT6_M3l-LGdozFzJ0KbzkdCdPP&camk=UoKtGZLa3XL1xyg-IyhIjw==&p=1&fvj=0&vjs=3,AI & ML intern,2026-04-11 16:02:10,customer service representative - ai trainer,Other,,True,,['general ai/ml']
Agentic AI Developer - Pune,,N/A,Not Disclosed,,,N/A,https://in.indeed.com/rc/clk?jk=cbd1f56f5f9a19dd&bb=oISg1X9x5IbHk655CuB-WVZQqMBSqF1fc6wWtTgrjXkkaTr0dGLdxnViOHnNHKzGi4hCUJFKXX79Fyxe9kKErgpluSr7CTbrXhLgIA9P7qStJyBxZMRn49IAgAGwuY-T&xkcb=SoD667M3l-LGdozFzJ0JbzkdCdPP&fccid=c731ba93566fe1f6&vjs=3,AI & ML intern,2026-04-11 16:02:10,agentic ai developer - pune,Other,,True,,['general ai/ml']
AI Prompt Support Engineer,,N/A,Not Disclosed,,,N/A,https://in.indeed.com/rc/clk?jk=ffdab53ce49fcaa5&bb=oISg1X9x5IbHk655CuB-WebXbnzPkRZ7NYnzhrOAboYMgte750zJkIUTzd-4Aw8upPA3xvATAcEpK58qSowig-IeeChClM1oiIkX3oqBuz9l_0LH6jAgqB3G3morSXeV&xkcb=SoDp67M3l-LGdozFzJ0NbzkdCdPP&fccid=a2faf1301ac6ad4b&vjs=3,AI & ML intern,2026-04-11 16:02:11,ai prompt support engineer,Other,,True,,['general ai/ml']
Software Engineer + Gen AI (Fresher),,N/A,Not Disclosed,,,N/A,https://in.indeed.com/rc/clk?jk=5d9525d310c08dfc&bb=oISg1X9x5IbHk655CuB-WWekIaczTXSNUEWKH2_ui0PdUongooABxAeco2g-vDpdMA7lX9dDoMMwVyLmhZ61sW7dIsATaMrwc5WS7EMCO5HnCjiROEisNcYnCnEsc7Zk&xkcb=SoBd67M3l-LGdozFzJ0MbzkdCdPP&fccid=dd616958bd9ddc12&vjs=3,AI & ML intern,2026-04-11 16:02:11,software engineer + gen ai (fresher),Other,,True,,['general ai/ml']
Generative AI - Trainee,,N/A,Not Disclosed,,,N/A,https://in.indeed.com/rc/clk?jk=d76be720f5d4cedd&bb=oISg1X9x5IbHk655CuB-WWekIaczTXSNZuE6DzsFPABCvggy92hI22jcRwd5iRS6HKe6cvRhoyMWFKVedx89-HZu7jZ5EFKT0n4gZLg-osx0X01Lu_IIjyd4lkaDs5dh&xkcb=SoC067M3l-LGdozFzJ0DbzkdCdPP&fccid=67efce8844d3b212&cmp=Shyena-Tech-Yarns-Pvt-Ltd&ti=Generative+Ai+-+Trainee&vjs=3,AI & ML intern,2026-04-11 16:02:11,generative ai - trainee,Intern/Trainee,,True,,['generative ai']
Agentic AI Engineer,,N/A,Not Disclosed,,,N/A,https://in.indeed.com/rc/clk?jk=8c970fbd9bacee5e&bb=oISg1X9x5IbHk655CuB-WXD9-WpQocuRyvQwe9cHjSTlccXTWPeVUPmkNBe9kA0odna8YJPCmg20-uNoJShegxStwF3vegrlFVMjUlk2u-YK5iByFDP4g1SBsboT8Gkp&xkcb=SoAA67M3l-LGdozFzJ0CbzkdCdPP&fccid=8eab14eec3cfc066&cmp=Radiant-IT-Services-Pvt.-Ltd.&ti=Ai+Developer&vjs=3,AI & ML intern,2026-04-11 16:02:11,agentic ai engineer,AI Engineer,,True,,['general ai/ml']
Operations Associate - AI Trainer,,N/A,Not Disclosed,,,N/A,https://in.indeed.com/pagead/clk?mo=r&ad=-6NYlbfkN0CnM4TERr6XuVBW3VTRACvDXDx9S3Pbn6a0SwhkmoLTiIZpxuUfjFtTLag-19gp2VTONMPv-zLHME5nRRX-eirbJAldcaiwUD9TaOgg4_EbyDLWIhyTT-igCVLAb4j7J7qLAzuX6qOkAgQNHD_o0CTdeO8SadaGNhxjeMMUxyDZtKhoL9ZCxdcfDJcqNO7MjBPT5CioL4QtY0kOtN8PbAEV5OcSR8xKIJWB_MgDLIi-cQJcALUlDYBq6nvV74l-McaAndw1RBHghko2B73A3F5pnogd6MrzdNdsz-c7uC1Z5BhEvPpcOgFhn2Gs5f5V3XtXX5BJ4MyYuw89_wgXyIqp_mS8BzYyecoSr2946VTRBE9myVYyKgToglPlHAMhJSfdO45ptBbVkEZTX06EdtVhwzOYft9XrHCuylAB3RopNgDZejzbItwIGBpnmo5grkzf0fchKkVP3WS1i0QCF1QcAVQ68slMHDrsUIcKhQpkLasmBqJ5ubxc6GpJy6yNE0woCHJx7UjXFC36SCcJ6V9uap7qYlTtrltDEpZSYQoLSD_FcIbHFKmHxcjL_5dqW-d93cvbBw2OylxaDUoK7HVCfBgmtt2OJK144IJn6WIG_Hi6ld6A6hLhIiQPlwrssU6otkHwhC2mYfoOzNmPqD35idG4QhbzL948LMZ2lxN24rKyjd1f54gY7g66U6o1G4JJ7hD4uwlutQlCpNqzL4nsl-aka9voB41NvgltL3L81fSIWczYHaN904874lP80h7veL10-0G-x8wdOmteILytKG0bhoSiMGmd5fzS4ZnkhIdRCPqA1HFlahweQfwtNfttQUW--tMX3TdoBfwEKB7rEjHBt2jiwjpnJKODMg0MxQ==&xkcb=SoBp6_M3l-LGdozFzJ0BbzkdCdPP&camk=UoKtGZLa3XL1xyg-IyhIjw==&p=10&fvj=0&vjs=3,AI & ML intern,2026-04-11 16:02:12,operations associate - ai trainer,Other,,True,,['general ai/ml']
AI Engineering Intern,,N/A,Not Disclosed,,,N/A,https://in.indeed.com/rc/clk?jk=f19e4bc680cfb987&bb=oISg1X9x5IbHk655CuB-WYeUTSRhR3G_pCPMDQpBSIQmlvEAP-uIk7ZGN9aSefR-2eOjAMrPCLIMbMD2cqIuUxfi_bd8Yy09uvUOEKxGD2XAXgUDB6PytzCpqdQjnape&xkcb=SoAp67M3l-LGdozFzJ0AbzkdCdPP&fccid=3ec60d46cb3714f9&vjs=3,AI & ML intern,2026-04-11 16:02:12,ai engineering intern,AI Engineer,,True,,['general ai/ml']
Preschool Teacher - AI Trainer,,N/A,Not Disclosed,,,N/A,https://in.indeed.com/pagead/clk?mo=r&ad=-6NYlbfkN0CnM4TERr6XuVBW3VTRACvDXDx9S3Pbn6a0SwhkmoLTiIZpxuUfjFtTLag-19gp2VTONMPv-zLHMARfPNHS9o_k36NSg1kFBXAEBKh2ZlPD27X2HKJP1Ak9UzunjU4VqTwZOTPVEctuimvc81bD7aiL22hn3z5vJsZswmceVNbiyL58S6ooWMiJ9nBm3TlwtzBXhgBE-oGljM3p7AhOG3pbW9mgNlDGzz8o6-bq4su-mK27CVV_oh7Ue7YAV3dTh1kFQHnSgq3AYyUG28HzRC90oTtKG5gxyMQgpnt08HtvYcBagIHYQRjIJsXL72EoVqUT-mvVs99PamfvUo_JAlMXQ6CJn9-0St6pes_i1WvkVVmy_aUt9JPVq8uuHDQjc2nmAzeGhylbGjVfkxliy7ls6FSlNpoKBWftit09sQzVU3dnUC8hN7HTToBXFxp0BT4hc9HU_XUcgdsVt0GlalU_USo1kd4Eg1CBj8YzQOD6gQLelYb8FqDu7uPfe8DUJTDhZBWuHpMGd3sO0DXpgvbz1b9wqWSVG22r7ma3u9R3MXK926IxSFwzdxD03aJnDSpVwDlatjLrwD2KQMkUciw0VEJV3oMukoC6wDh80-wjTIQUzu9OuXhhRIXaha1-Jy_3jhJv8gNWE6CHVIdapdjoOgJtnE5BAVdkfrPdWsCisRDNjT4iD4MfiubwN1PenujEv9f3VOMOHfDbDups3owayRVZNcnqhCMxSVSjbA4m9xapznQRJ3Q7HDD7CBiNhRCimTL4jBxeuwsbQ0S9djJQSSi-Tl0hPeyYuxE9v1Kpkdy853gXlAMR-l5REUu_2i0YeqQRn2uIRvhBoerRUHzWilYnmHfXMRoCcJ_XtXnlWg==&xkcb=SoBT6_M3l-LGdozFzJ0HbzkdCdPP&camk=UoKtGZLa3XL1xyg-IyhIjw==&p=12&fvj=0&vjs=3,AI & ML intern,2026-04-11 16:02:12,preschool teacher - ai trainer,Other,,True,,['general ai/ml']
AIML Intern,,N/A,Not Disclosed,,,N/A,https://in.indeed.com/rc/clk?jk=157f28b260e0ef4d&bb=P4u_XjTg1HU6Lq1TKsGFvODTtEFswKTe8YZpIaCPpjk-lGY7vnRfnjYA2OslVSBGPJjG3evMp9AxeiFjaBKgrCbGuyqHVhC_c3qVp02OhiMAV_jLWofdqGyTwhy_zJf_&xkcb=SoCY67M3l-LXiEzCIh0KbzkdCdPP&fccid=b5d54e0bef0ebffb&vjs=3,machine learning intern,2026-04-11 16:04:09,aiml intern,Intern/Trainee,,True,,['general ai/ml']
GenAI / Document AI Intern / Fresher,,N/A,Not Disclosed,,,N/A,https://in.indeed.com/rc/clk?jk=b6d75d8311461f91&bb=P4u_XjTg1HU6Lq1TKsGFvMjcfna46-xeFcqgDW17kOjJYEkjcDKW6XoQM-QqXcfXLN_GN3JGbINJ_Qf5nxYjAmsgGVYB7okER9e0yJD_2rVKNia5QuJKfFcYFboFZuFq&xkcb=SoA_67M3l-LXiEzCIh0PbzkdCdPP&fccid=4bdaf9b0f43f71da&vjs=3,machine learning intern,2026-04-11 16:04:10,genai / document ai intern / fresher,Intern/Trainee,,True,,['general ai/ml']
BIM Intern,,N/A,Not Disclosed,,,N/A,https://in.indeed.com/rc/clk?jk=ed2b4a3deb4ddaf8&bb=P4u_XjTg1HU6Lq1TKsGFvC4OIzS9PllydOsF7lVoZNW2HEkQd7zz_FV1Bby5fOROpVrmB4qyjMZR4bXt2r03yFKV9IO420fdrRNz-68dAFp_TLhX3WZgpbU7twNC0qa4&xkcb=SoCL67M3l-LXiEzCIh0ObzkdCdPP&fccid=daaacee388ab7348&vjs=3,machine learning intern,2026-04-11 16:04:10,bim intern,Intern/Trainee,,True,,['general ai/ml']
AI Engineer Intern,,N/A,Not Disclosed,,,N/A,https://in.indeed.com/rc/clk?jk=19bc08c77b28c8f2&bb=P4u_XjTg1HU6Lq1TKsGFvEDsoJXIF6QJXVgjHL-rjs74ArbG0IhHqJpvGx5vl3LSHTg6ES9S8tm9Rnfjf-LOu6vB1zt6pqlWFsxv7MLGafQWLl6gwzuJ-WeC-4U3zT10&xkcb=SoBL67M3l-LXiEzCIh0DbzkdCdPP&fccid=6bd58d602f7a9f51&cmp=DASP-DIGITAL-PVT-LTD&ti=Engineering+Intern&vjs=3,machine learning intern,2026-04-11 16:04:10,ai engineer intern,AI Engineer,,True,,['general ai/ml']
"Apprentices, Interns, Industrial Placements",,N/A,Not Disclosed,,,N/A,https://in.indeed.com/rc/clk?jk=034618fb2b097101&bb=P4u_XjTg1HU6Lq1TKsGFvP-7qJmWoq9dGwUn15fPaoq9WcLL0h3sKrarsgC0ID7Nhi-ywPB_jPCd7muXW3unmgGLJKfGY-P4zF9SDq2ZMiwHOj6U5J069CuO9Z6K1DLI&xkcb=SoD_67M3l-LXiEzCIh0CbzkdCdPP&fccid=0d771a787e6e10bd&vjs=3,machine learning intern,2026-04-11 16:04:10,"apprentices, interns, industrial placements",Intern/Trainee,,True,,['general ai/ml']
SAP Intern,,N/A,Not Disclosed,,,N/A,https://in.indeed.com/rc/clk?jk=a7ab8aa9aab76ea0&bb=P4u_XjTg1HU6Lq1TKsGFvDElun6a5f6eTcKKiQy7UYOngjGLZ7f-r8nBQ8-fD5Hl9DlLXIHA4tx-VRepmESzUFQ-b5ZN16CwJhfB6-eQSLJ1ojjW7FBCbPg6tXZyyZze&xkcb=SoBi67M3l-LXiEzCIh0BbzkdCdPP&fccid=d557f4c69ce8d0e2&vjs=3,machine learning intern,2026-04-11 16:04:10,sap intern,Intern/Trainee,,True,,['general ai/ml']
Computer Vision Intern,,N/A,Not Disclosed,,,N/A,https://in.indeed.com/rc/clk?jk=f7aa9f61aae7a8b7&bb=P4u_XjTg1HU6Lq1TKsGFvIdlUoEV-DeAseFKHiyYhr0H4JjfXCi7b4PdIoNxj6A4hg02LQSG_DdhbnIPTR1yPN0YqOBywc452guRB89d-JakE1RiSeAgV_EUKK5lOEtL&xkcb=SoDW67M3l-LXiEzCIh0AbzkdCdPP&fccid=142620f3043e0184&vjs=3,machine learning intern,2026-04-11 16:04:11,computer vision intern,Intern/Trainee,,True,,['computer vision']
Full Stack Developer Intern,,N/A,Not Disclosed,,,N/A,https://in.indeed.com/rc/clk?jk=f8847cd3063fcd6e&bb=P4u_XjTg1HU6Lq1TKsGFvGtWXw6H-OdVTfNR2EmNF9yCr0oQ8wmfkv0x-Tnoqelk7pKUHL0imjlR-QKo5tmoWSvheXR_tonsyE_GheJeT5SVnFHPUtPboYL2JiTotEZf&xkcb=SoBY67M3l-LXiEzCIh0HbzkdCdPP&fccid=3324a23e9fa559b9&cmp=Skillsprout-IT&ti=Full+Stack+Developer&vjs=3,machine learning intern,2026-04-11 16:04:11,full stack developer intern,Intern/Trainee,,True,,['general ai/ml']
"Software Engineering PhD Intern, Summer 2026",,N/A,Not Disclosed,,,N/A,https://in.indeed.com/rc/clk?jk=a76baa922a0dd1c2&bb=P4u_XjTg1HU6Lq1TKsGFvIwShTjKsWFggNYH5hF8ahUSYQLDT9qotABu5gVc5cDWJMm8ptRbMc0EYJIcV1_Br14y7outFU2jtvJvpH0b_BuNey0PX2QgGWlMdYQAXspn&xkcb=SoDs67M3l-LXiEzCIh0GbzkdCdPP&fccid=a5b4499d9e91a5c6&vjs=3,machine learning intern,2026-04-11 16:04:11,"software engineering phd intern, summer 2026",Intern/Trainee,,True,,['general ai/ml']
AI ROBOTICS INTERN,,N/A,Not Disclosed,,,N/A,https://in.indeed.com/rc/clk?jk=ed601949ecce00ae&bb=P4u_XjTg1HU6Lq1TKsGFvKpPwXzwOwGOwDSSN4coEfZ67HIqyrEaKHKBZck_fYbjgUYTyzv6hwjnYRy1egII6WvWoZ4nZ1OXh8u3Do954_mqDBTB_mfYPVpVw9KPIzGR&xkcb=SoBx67M3l-LXiEzCIh0FbzkdCdPP&fccid=29326c64593d8892&vjs=3,machine learning intern,2026-04-11 16:04:11,ai robotics intern,Intern/Trainee,,True,,['general ai/ml']
Data Science Internship,,N/A,Not Disclosed,,,N/A,https://in.indeed.com/rc/clk?jk=cfbeddaf7246775e&bb=9htVp6nFXw0NC-K7iX8ugEueKCAeiSuNQSVWctVdnZO2MLV6z0wDKdEFZHKnVFm_SeNh0FNhnCmQlPHF4DfMwa5E2xDDYgWTUyK_phsx3Lq7ukZt7VA-zAdfRFzZY4Zw&xkcb=SoB_67M3l-LqGUgfaz0LbzkdCdPP&fccid=678ec8d65fef33e6&cmp=Universal-Printers&ti=Data+Science+Intern&vjs=3,Data Science intern,2026-04-11 16:05:59,data science internship,Data Scientist,,True,,['data science']
Intern Quality Analyst,,N/A,Not Disclosed,,,N/A,https://in.indeed.com/rc/clk?jk=8c9fb49434a67ff3&bb=9htVp6nFXw0NC-K7iX8ugDGlySKYDelGyfSPzqTVoXa2XrsCH8jzVRaErqKWrlnZA6KrDl7gB7Rx07Ijf5QRC5d4NVub_KRJVvKvpWKQlCsCKxy7IAREdUFi--CwiKc5&xkcb=SoDi67M3l-LqGUgfaz0IbzkdCdPP&fccid=e4c1abc499cec21b&vjs=3,Data Science intern,2026-04-11 16:06:00,intern quality analyst,Intern/Trainee,,True,,['general ai/ml']
Junior Engineer- Intern,,N/A,Not Disclosed,,,N/A,https://in.indeed.com/rc/clk?jk=74d852155e2599fe&bb=9htVp6nFXw0NC-K7iX8ugG7H565x91QKophCZZ6P6BHYg8bjBciMttwD74Q_TlSp45nvgeDFjhcI7gtuf_Fug2LXws_VS-rVuedXlV9Z6mIMPV3iJAOICw5RTwWv3kzP&xkcb=SoDY67M3l-LqGUgfaz0ObzkdCdPP&fccid=8eb06d1dd4f7d0b8&vjs=3,Data Science intern,2026-04-11 16:06:00,junior engineer- intern,Intern/Trainee,,True,,['general ai/ml']
Technical Support Intern,,N/A,Not Disclosed,,,N/A,https://in.indeed.com/rc/clk?jk=895604adf3f7df3c&bb=9htVp6nFXw0NC-K7iX8ugBOH6AwhknRSjt2cmOJUPYMUYfFxfJ5JQyWAtWvwwnPzz0T1V0qob4Kz3onvXXdLYI_VOiVqbn2sshRpiLhZNCq6yFnjnCDa5FgmAvNWamTC&xkcb=SoAY67M3l-LqGUgfaz0DbzkdCdPP&fccid=03dc5e2bd8e382c5&vjs=3,Data Science intern,2026-04-11 16:06:00,technical support intern,Intern/Trainee,,True,,['general ai/ml']
Intern,,N/A,Not Disclosed,,,N/A,https://in.indeed.com/rc/clk?jk=9efb83f42c6adb38&bb=9htVp6nFXw0NC-K7iX8ugG5m_ysU2jR_2bCrlvrnueHts7D2hgGvhtrYfbIMJl9OpsgfkpNicZq9I9brNhVFu4zFifL_Ahq6sHOoEzm0mtV_RpD0ARpDIKLNeADoJcBD&xkcb=SoCs67M3l-LqGUgfaz0CbzkdCdPP&fccid=a23b36e1d6d2d53f&vjs=3,Data Science intern,2026-04-11 16:06:00,intern,Intern/Trainee,,True,,['general ai/ml']
Product Management Intern,,N/A,Not Disclosed,,,N/A,https://in.indeed.com/rc/clk?jk=3bfe2e3f5f162ca5&bb=9htVp6nFXw0NC-K7iX8ugJd2Cpe8vUSPvuHJZuFvBkIvO9JuHUIQgBu1S9YRnwvtoHYhN_QrSH3OZ7DB7Zv8FDfymuZlZBkZ2__NFcj9g19px4t4gEnZXHNrO6NbKY9x&xkcb=SoAx67M3l-LqGUgfaz0BbzkdCdPP&fccid=7774cefbe49bd29c&vjs=3,Data Science intern,2026-04-11 16:06:00,product management intern,Intern/Trainee,,True,,['general ai/ml']
Research Intern Internship,,N/A,Not Disclosed,,,N/A,https://in.indeed.com/rc/clk?jk=527299f7b62c399b&bb=9htVp6nFXw0NC-K7iX8ugGFlOzpaO-6VJpu4lmGYKSyBis0h51_YT8e0VHiBp1qNVV_6YjxfBiDEVjv2vNgp4215nfrPSEfVKIUnMHiSeTTKGBwzNJ_Ky38Uo6d1ONGN&xkcb=SoAL67M3l-LqGUgfaz0HbzkdCdPP&fccid=e4b2759fb2ecdef6&vjs=3,Data Science intern,2026-04-11 16:06:01,research intern internship,Intern/Trainee,,True,,['general ai/ml']
Web Developer Intern,,N/A,Not Disclosed,,,N/A,https://in.indeed.com/rc/clk?jk=1b43b2283df86c8a&bb=9htVp6nFXw0NC-K7iX8ugBfqNCrLuw5vq2zI8rl6oyMYQq99TgL_x2fJiwM9rth5TcNwcG_qH5zQpsvoQ3GilYOUz_yPAvlgEPPzSEFbxws2lnZlyzAoQ6UItOTGs9uC&xkcb=SoAi67M3l-LqGUgfaz0FbzkdCdPP&fccid=3efa0b1d438561f3&vjs=3,Data Science intern,2026-04-11 16:06:01,web developer intern,Intern/Trainee,,True,,['general ai/ml']
Front End Developer Intern,,N/A,Not Disclosed,,,N/A,https://in.indeed.com/rc/clk?jk=d156f7612e380a36&bb=8_vyZXfTnit3QSdTz8V8hNncVAqsKT5hecFOZeV3TcknruKjglN0QnlhsMnvIhohIwtg_HFy4wTxo_LcuXTh6VZEvz94wlQ3aqkZhEWo19Fw1Qxc59aaKd9kN86orK9J&xkcb=SoC-67M3l-MPv2AfbD0BbzkdCdPP&fccid=d5da8bd9f4871411&cmp=JainCreataion&ti=Front+End+Developer&vjs=3,Ai intern,2026-04-11 16:09:38,front end developer intern,Intern/Trainee,,True,,['general ai/ml']
Full Stack Intern (Remote),,N/A,Not Disclosed,,,N/A,https://in.indeed.com/rc/clk?jk=b3f97c43f01215bc&bb=8_vyZXfTnit3QSdTz8V8hEojZsC7A54Nwq3zcMmYbna3sGV2aOYBkl2gvQpbdfTFVEQmZvtsvwmJ7PMAlgPlyr5qJQm-MtZSEHeTF7ZgavzbKl1WitEH1Z144xPp4B4L&xkcb=SoCt67M3l-MPv2AfbD0FbzkdCdPP&fccid=afcd2cead560a4ba&vjs=3,Ai intern,2026-04-11 16:09:39,full stack intern (remote),Intern/Trainee,,True,,['general ai/ml']
