source,title,company,experience,salary,location,skills,posted,job_link,search_query,scraped_at
Naukri,Data Analyst,MNC,0-2 Yrs,2.75-5 Lacs PA,"Pune, Pimpri-Chinchwad","Google Sheets, Power Bi, MS Office, SQL, Data Analytics, Large Databases, Google Data Studio, data vis",1 day ago,https://www.naukri.com/job-listings-data-analyst-tele-infotech-pimpri-chinchwad-pune-0-to-2-years-110426017766,Data Analyst,2026-04-12 11:44:33
Naukri,Data Analyst,Allegis Group,8-13 Yrs,N/A,"Hybrid - Pune, Hyderabad, Bengaluru","Data Analysis, Risk Compliance, Regulatory Compliance, Credit Risk Analysis, Stakeholder Management, Data Analytics, Governance, Regulatory",3 days ago,https://www.naukri.com/job-listings-data-analyst-allegis-group-hyderabad-pune-bengaluru-8-to-13-years-080426018380,Data Analyst,2026-04-12 11:44:34
Naukri,Data Analyst,Famyshine,2-5 Yrs,N/A,Pune(Narhe),"Operations Research, Marketing Analytics, Statistics, Data Analytics, Operations Analytics, Power Bi, Artificial Intelligence, Machine Learning",4 days ago,https://www.naukri.com/job-listings-data-analyst-famyshine-pune-2-to-5-years-070426018814,Data Analyst,2026-04-12 11:44:35
Naukri,Data Analyst,Alexander Mann Solutions,8-13 Yrs,N/A,Pune,"Tableau Reporting, Advanced Excel, Data Analytics, SQL, Python, Tableau, Reporting, Data analysis",5 days ago,https://www.naukri.com/job-listings-data-analyst-ams-pune-8-to-13-years-070426007990,Data Analyst,2026-04-12 11:44:36
Naukri,Data Analyst,Spes Manning,4-8 Yrs,N/A,"Hybrid - Pune, Gurugram, Bengaluru","Pyspark, Data Analysis, SQL, Python, Data Analytics, Data Reporting, Analysis, Analytics",2 weeks ago,https://www.naukri.com/job-listings-data-analyst-spes-manning-pune-gurugram-bengaluru-4-to-8-years-280326012509,Data Analyst,2026-04-12 11:44:37
Naukri,Data Analyst,Iris Tech Sys,0-1 Yrs,2.25-3.5 Lacs PA,Pune(Kothrud),"Sales Lead Generation, Online Lead Generation, Manual Testing, Software testing, Sales, Data analysis, Manual, Generation",3 days ago,https://www.naukri.com/job-listings-data-analyst-iris-tech-sys-pune-0-to-1-years-080426034381,Data Analyst,2026-04-12 11:44:38
Naukri,Data Analyst,Pyramid It Consulting,8-13 Yrs,N/A,Remote,"power bi, Data Analytics, SQL, Python, Artificial Intelligence, AI, Tableau, azure",1 week ago,https://www.naukri.com/job-listings-data-analyst-pyramid-it-consulting-pune-8-to-13-years-200326016941,Data Analyst,2026-04-12 11:44:39
Naukri,DATA ANALYST,Godigi Infotech,N/A,Unpaid,Pune,,Starts in 1-3 months,https://www.naukri.com/job-listings-data-analyst-godigi-infotech-pune-0-to-1-years-130126506831,Data Analyst,2026-04-12 11:44:39
Naukri,Data Analyst,Persistent,8-12 Yrs,N/A,"Pune, Chennai, Bengaluru","Integration, Snowflake, Data Modeling, Data, Modeling, Data analysis",1 week ago,https://www.naukri.com/job-listings-data-analyst-persistent-pune-chennai-bengaluru-8-to-12-years-300326015451,Data Analyst,2026-04-12 11:44:41
Naukri,Data Analyst,Atyeti,3-6 Yrs,N/A,"Hybrid - Pune, Mumbai","Azure Data Factory, Data Analysis, Azure Logic Apps, Data Governance, Pyspark, Power Bi, Analysis, Data",3 days ago,https://www.naukri.com/job-listings-data-analyst-atyeti-mumbai-pune-3-to-6-years-080426017167,Data Analyst,2026-04-12 11:44:42
Naukri,Data Analyst I,Apex Group,2-7 Yrs,N/A,Pune,"Talent acquisition, Analytical, Machine learning, Fund administration, Stakeholder management, Recruitment, SQL, Data extraction",2 days ago,https://www.naukri.com/job-listings-data-analyst-i-apex-fund-services-llp-pune-2-to-7-years-090426502334,Data Analyst,2026-04-12 11:44:45
Naukri,Data Analyst - AI/ML,Assent,3-8 Yrs,N/A,Pune,"Computer science, Data analysis, metadata, Manager Quality Assurance, Business analytics, Analytical, Data quality, Reporting tools",3 days ago,https://www.naukri.com/job-listings-data-analyst-ai-ml-assent-pune-3-to-8-years-080426503158,Data Analyst,2026-04-12 11:44:46
Naukri,Data Analyst,Int9 Solutions,5-10 Yrs,N/A,Pune,"Computer science, Automation, Networking, Analytical, Consulting, Oracle, microsoft, Troubleshooting",3 days ago,https://www.naukri.com/job-listings-data-analyst-int9-solutions-pune-5-to-10-years-080426503156,Data Analyst,2026-04-12 11:44:48
Naukri,Data Analyst,MAN Truck & Bus,2-3 Yrs,N/A,Hybrid - Pune,"Data Analysis, Dashboards, AWS, Data, Analysis",1 week ago,https://www.naukri.com/job-listings-data-analyst-man-truck-bus-pune-2-to-3-years-050426000036,Data Analyst,2026-04-12 11:44:48
Naukri,Data Analyst,Leading Financial Audit Company,2-5 Yrs,5-8.5 Lacs PA,"Pune, Gurugram, Chennai","Power Bi, Alteryx, SQL, Dax, Data analysis, Data, Bi",3 days ago,https://www.naukri.com/job-listings-data-analyst-selective-global-search-pune-gurugram-chennai-2-to-5-years-080426031116,Data Analyst,2026-04-12 11:44:51
Naukri,Analyst III - Data,World Courier,4-9 Yrs,N/A,Pune,"Business services, Computer science, Data analysis, Data management, Analytical, Healthcare, Business intelligence, Information technology",1 day ago,https://www.naukri.com/job-listings-analyst-iii-data-world-courier-pune-4-to-9-years-100426500916,Data Analyst,2026-04-12 11:44:52
Naukri,Analyst III - Data,Cencora,4-9 Yrs,N/A,Pune,"Business services, Computer science, Data analysis, Data management, Analytical, Healthcare, Business intelligence, Information technology",1 day ago,https://www.naukri.com/job-listings-analyst-iii-data-xcenda-pune-4-to-9-years-100426500915,Data Analyst,2026-04-12 11:44:54
Naukri,Factory Data Analyst,Britannia,1-5 Yrs,N/A,Pune,"Data Analytics, Data Science, Business Intelligence, Report Development, Power Bi, Data Visualization, Reporting And Analytics, Science",3 weeks ago,https://www.naukri.com/job-listings-factory-data-analyst-britannia-pune-1-to-5-years-190326022218,Data Analyst,2026-04-12 11:44:56
Naukri,Data Analyst,Cindrebay School Of Fashion & Interior Design,1-4 Yrs,N/A,"Pune, Kochi, Kolkata, Kannur, Indore, Nagpur, Hyderabad, Lucknow, Kozhikode, Coimbatore, Bengaluru, Thiruvananthapuram","database maintenance, python, data analytics, data analysis, design development, information management, mathematics, data mining",3+ weeks ago,https://www.naukri.com/job-listings-data-analyst-cindrebay-school-of-fashion-interior-design-kochi-kolkata-kannur-indore-nagpur-hyderabad-pune-lucknow-kozhikode-coimbatore-bengaluru-thiruvananthapuram-1-to-4-years-061125502137,Data Analyst,2026-04-12 11:45:05
Naukri,Data Analyst with Hadoop,Asky Services Llp,5-7 Yrs,N/A,"Pune, Hyderabad, Gurugram, Bengaluru","metadata, python, data analysis, data management, data analytics, data validation, configuration, data mining",3+ weeks ago,https://www.naukri.com/job-listings-data-analyst-with-hadoop-asky-services-hyderabad-pune-gurugram-bengaluru-5-to-7-years-270825502639,Data Analyst,2026-04-12 11:45:05
Naukri,Data Analyst,Caliche,3-6 Yrs,N/A,"Pune, Kolkata, Mumbai, New Delhi, Hyderabad, Chennai, Bengaluru","metadata, python, data analysis, data management, data analytics, data validation, configuration, data mining",3+ weeks ago,https://www.naukri.com/job-listings-data-analyst-caliche-kolkata-mumbai-new-delhi-hyderabad-pune-chennai-bengaluru-3-to-6-years-061124503717,Data Analyst,2026-04-12 11:45:06
Naukri,Data Verification Analyst,Foundation Ai,0-5 Yrs,N/A,"Pune, Kolkata, Mumbai, New Delhi, Hyderabad, Chennai, Bengaluru","metadata, python, data analysis, data management, data analytics, data validation, configuration, data mining",3+ weeks ago,https://www.naukri.com/job-listings-data-verification-analyst-foundation-ai-kolkata-mumbai-new-delhi-hyderabad-pune-chennai-bengaluru-0-to-5-years-101224501433,Data Analyst,2026-04-12 11:45:06
Naukri,Data Analyst,Freedom From Diabetes,3-8 Yrs,N/A,Pune,"Computer science, Automation, Data modeling, Analytical, Data processing, Data analytics, Data quality, Business intelligence",2 weeks ago,https://www.naukri.com/job-listings-data-analyst-freedom-from-diabetes-pvt-ltd-pune-3-to-8-years-240326503473,Data Analyst,2026-04-12 11:45:06
Naukri,Data Analyst,Squircle IT,4-7 Yrs,N/A,Pune,"hlookup, macros, python, data analysis, data management, data analytics, data validation, sas",3+ weeks ago,https://www.naukri.com/job-listings-data-analyst-squircle-it-consulting-services-pvt-ltd-pune-4-to-7-years-140126503316,Data Analyst,2026-04-12 11:45:06
Naukri,Data Analyst,Rohan Builders & Developers,4-8 Yrs,N/A,Pune,"database maintenance, data analysis, data analytics, data interpretation, design development, data mining, power bi, data collection",2 weeks ago,https://www.naukri.com/job-listings-data-analyst-rohan-builders-developers-pune-4-to-8-years-260326500439,Data Analyst,2026-04-12 11:45:07
Naukri,Data Analyst,Convegenius Edu,4-6 Yrs,N/A,Pune,"python, macros, data analysis, data management, data analytics, data mining, predictive analytics, power bi",3+ weeks ago,https://www.naukri.com/job-listings-data-analyst-convegenius-edu-solutions-pvt-ltd-pune-4-to-6-years-290126511725,Data Analyst,2026-04-12 11:45:07
Naukri,Data Analyst,MAN TRUCK BUS,2-4 Yrs,N/A,Pune,"python, rpa, data analysis, data analytics, documentation, power bi, vb, machine learning",3+ weeks ago,https://www.naukri.com/job-listings-data-analyst-man-truck-bus-pune-2-to-4-years-100326500628,Data Analyst,2026-04-12 11:45:07
Naukri,Data Analyst,Lorven Technologies,5-10 Yrs,N/A,Pune,"database maintenance, python, data analytics, data analysis, data management, data validation, data mining, business analysis",3+ weeks ago,https://www.naukri.com/job-listings-data-analyst-lorventech-solutions-india-pvt-ltd-pune-5-to-10-years-090326502601,Data Analyst,2026-04-12 11:45:07
Naukri,Head - Data Analyst,Thinkaloud Consulting,6-11 Yrs,20-27.5 Lacs PA,Pune,"Advanced Excel, MIS, Data Analysis, Data Analytics, Analytics, Analysis, Data, Excel",2 weeks ago,https://www.naukri.com/job-listings-head-data-analyst-thinkaloud-consulting-pune-6-to-11-years-230326008184,Data Analyst,2026-04-12 11:45:08
Naukri,Data Analyst,E Solutions It Services,4-6 Yrs,N/A,Hybrid - Pune,"Tableau, SQL, Power Bi, Data Analysis, Data Analytics, Data Reporting, Reporting, Data",3+ weeks ago,https://www.naukri.com/job-listings-data-analyst-e-solutions-pune-4-to-6-years-110326020534,Data Analyst,2026-04-12 11:45:08
Naukri,Data Analyst,Digital Glyde,0-3 Yrs,N/A,"Pune, Kolkata, Mumbai, New Delhi, Hyderabad, Chennai, Bengaluru","Data analysis, Excel, Statistical analysis, Analytical, power bi, data integrity, Data Analyst, data visualization",3+ weeks ago,https://www.naukri.com/job-listings-data-analyst-digital-glyde-kolkata-mumbai-new-delhi-hyderabad-pune-chennai-bengaluru-0-to-3-years-170524500934,Data Analyst,2026-04-12 11:45:08
Naukri,Data Analyst,Barclays,0-7 Yrs,N/A,Pune,"advanced analytics, Analytical, Machine learning, Service excellence, Data Analyst, Business strategy, Assistant Vice President, Individual Contributor",3+ weeks ago,https://www.naukri.com/job-listings-data-analyst-barclays-shared-services-pune-0-to-7-years-170226501170,Data Analyst,2026-04-12 11:45:09
Naukri,Data Analyst,Ghrs Training,5-9 Yrs,N/A,Pune,"Azure Data Factory, Power Bi, Python, SQL, ADF, Data Visualization, Data, Data analysis",3 days ago,https://www.naukri.com/job-listings-data-analyst-ghrs-training-pune-5-to-9-years-080426018742,Data Analyst,2026-04-12 11:45:09
Naukri,Data Analyst - Banking Domain,Capgemini,6-10 Yrs,N/A,"Hybrid - Pune, Chennai, Bengaluru","Data Migration, Banking Sector, SQL, Migration, Data, DNS, Data analysis",3 weeks ago,https://www.naukri.com/job-listings-data-analyst-banking-domain-capgemini-pune-chennai-bengaluru-6-to-10-years-170326043814,Data Analyst,2026-04-12 11:45:09
Naukri,Data Analyst,Improx Data And Cloud Consulting,0-2 Yrs,N/A,Pune,"Operations Analyst, Data management, Coding, Data collection, Test cases, Continuous improvement, Information technology, SQL",3+ weeks ago,https://www.naukri.com/job-listings-data-analyst-improx-data-and-cloud-consulting-pvt-ltd-pune-0-to-2-years-311022501968,Data Analyst,2026-04-12 11:45:09
Naukri,Data Analyst,Primohunt Corporate,0-3 Yrs,N/A,Pune,"Analytical skills, Market study, Data analysis, Google Analytics, Coding, Database, Webtrends, Data Analyst",3+ weeks ago,https://www.naukri.com/job-listings-data-analyst-primohunt-corporate-pune-0-to-3-years-110722502690,Data Analyst,2026-04-12 11:45:09
Naukri,Data Analyst,Wipro,3-4 Yrs,N/A,Hybrid - Pune,"Power Bi, Data Analysis, SQL, Python, Analysis, Data, Bi",2 weeks ago,https://www.naukri.com/job-listings-data-analyst-wipro-pune-3-to-4-years-270326035694,Data Analyst,2026-04-12 11:45:10
Naukri,GSS Data Analyst,Schlumberger India Technology Centre Pvt. Ltd,5-10 Yrs,N/A,Pune,"Service delivery, PSD, Safety training, Data Analyst, HSE, Sensors, Risk analysis, Monitoring",3+ weeks ago,https://www.naukri.com/job-listings-gss-data-analyst-schlumberger-india-technology-centre-pvt-ltd-pune-5-to-10-years-250226501120,Data Analyst,2026-04-12 11:45:10
Naukri,Data Analyst,Capco,8-12 Yrs,N/A,Pune,"Data analysis, metadata, Data modeling, Agile, Data Analyst, Gap analysis, Technical support, SDLC",3+ weeks ago,https://www.naukri.com/job-listings-data-analyst-capco-technologies-pvt-ltd-pune-8-to-12-years-190226503174,Data Analyst,2026-04-12 11:45:19
Naukri,Data Analyst,Reliance Games,2-5 Yrs,N/A,Pune,"Communication Skills, R, Social Media, Analytical Skills, Data Analysis, Data Visualization, Data Analyst, Tableau",3+ weeks ago,https://www.naukri.com/job-listings-data-analyst-reliance-games-pune-2-to-5-years-130921500438,Data Analyst,2026-04-12 11:45:19
Naukri,Consulting - Data analyst - CA/ SCA,Crisil,1-3 Yrs,N/A,Pune,"Data analysis, Excel, VBA, Consulting, power bi, Data Analyst, Secondary research, Ca",3+ weeks ago,https://www.naukri.com/job-listings-consulting-data-analyst-ca-sca-crisil-pune-1-to-3-years-090126500545,Data Analyst,2026-04-12 11:45:20
Naukri,Econometric Data Analyst,Micro1,2-7 Yrs,N/A,"Pune, Kolkata, Mumbai, New Delhi, Hyderabad, Chennai, Bengaluru","python, r, economics, data analysis, econometrics, automation, c, data science",2 weeks ago,https://www.naukri.com/job-listings-econometric-data-analyst-micro1-kolkata-mumbai-new-delhi-hyderabad-pune-chennai-bengaluru-2-to-7-years-250326504134,Data Analyst,2026-04-12 11:45:20
Naukri,Data Analyst,Propharma Group,2-4 Yrs,N/A,"Pune, Kolkata, Mumbai, New Delhi, Hyderabad, Chennai, Bengaluru","Manager Quality Assurance, Business analytics, Consulting, Clinical research, Customer service, Pharmacovigilance, Troubleshooting, microsoft",2 weeks ago,https://www.naukri.com/job-listings-data-analyst-isafety-systems-private-limited-kolkata-mumbai-new-delhi-hyderabad-pune-chennai-bengaluru-2-to-4-years-240326507968,Data Analyst,2026-04-12 11:45:20
Naukri,Data Analyst,Logic Planet,3-6 Yrs,N/A,"Pune, Kolkata, Mumbai, New Delhi, Hyderabad, Chennai, Bengaluru","llm, data analyst, finance, healthcare, Data analysis, Data",3+ weeks ago,https://www.naukri.com/job-listings-data-analyst-logicplanet-it-services-kolkata-mumbai-new-delhi-hyderabad-pune-chennai-bengaluru-3-to-6-years-200226504752,Data Analyst,2026-04-12 11:45:20
Naukri,Data Analyst -UK Pensions,Gallagher,1-4 Yrs,5-7 Lacs PA,"Hybrid - Pune, Gurugram, Bengaluru","Data Analysis, UK pensions, SQL, Pension Administration, Uk, Analysis, Data",3 weeks ago,https://www.naukri.com/job-listings-data-analyst-uk-pensions-gallagher-pune-gurugram-bengaluru-1-to-4-years-180326018690,Data Analyst,2026-04-12 11:45:21
Naukri,Data Governance Analyst,Barclaycard Payments,3-6 Yrs,N/A,Pune,"digital, risk management, python, data analytics, data analysis, data management, management skills, business strategy",3+ weeks ago,https://www.naukri.com/job-listings-data-governance-analyst-barclaycard-payments-pune-3-to-6-years-200126502654,Data Analyst,2026-04-12 11:45:21
Naukri,Data Analyst,Awesome Analytics,1-4 Yrs,N/A,"Pune, Kolkata, Mumbai, New Delhi, Hyderabad, Chennai, Bengaluru","excel, macros, data analysis, vba, mis, advanced excel, msbi",3+ weeks ago,https://www.naukri.com/job-listings-data-analyst-awesome-analytics-kolkata-mumbai-new-delhi-hyderabad-pune-chennai-bengaluru-1-to-4-years-290425501607,Data Analyst,2026-04-12 11:45:21
Naukri,Data Analyst,Exzeo Software,4-5 Yrs,N/A,"Pune, Kolkata, Mumbai, New Delhi, Hyderabad, Chennai, Bengaluru","GIS, IT services, Postgresql, Analytical, JSON, MongoDB, Selenium, Analytics",3+ weeks ago,https://www.naukri.com/job-listings-data-analyst-exzeo-software-pvt-ltd-kolkata-mumbai-new-delhi-hyderabad-pune-chennai-bengaluru-4-to-5-years-260825501703,Data Analyst,2026-04-12 11:45:22
Naukri,Payer Data Analyst,Star4rall It Solutions,3-7 Yrs,N/A,"Pune, Kolkata, Mumbai, New Delhi, Hyderabad, Chennai, Bengaluru","Health insurance, Data analysis, Claims, Project estimation, Excel, Pharma, Agile, Healthcare",3+ weeks ago,https://www.naukri.com/job-listings-payer-data-analyst-star4rall-it-solutions-private-limited-kolkata-mumbai-new-delhi-hyderabad-pune-chennai-bengaluru-3-to-7-years-170323502157,Data Analyst,2026-04-12 11:45:22
Naukri,Programmer / Data Analyst,Indo Fuji Information Technologies,3-6 Yrs,N/A,"Pune, Kolkata, Mumbai, New Delhi, Hyderabad, Chennai, Bengaluru","Training, Business Analyst, Quality check, Programming, Data Analyst, Research, Troubleshooting, Testing",3+ weeks ago,https://www.naukri.com/job-listings-programmer-data-analyst-indo-fuji-information-technologies-pvt-ltd-kolkata-mumbai-new-delhi-hyderabad-pune-chennai-bengaluru-3-to-6-years-160724500800,Data Analyst,2026-04-12 11:45:22
Naukri,Data Analyst,Gyantu,2-7 Yrs,N/A,"Pune, Kolkata, Mumbai, New Delhi, Hyderabad, Chennai, Bengaluru","Training, E-learning, Database design, Analytical, Database, Data Analyst, Troubleshooting, Data mining",3+ weeks ago,https://www.naukri.com/job-listings-data-analyst-gyantu-kolkata-mumbai-new-delhi-hyderabad-pune-chennai-bengaluru-2-to-7-years-150424501151,Data Analyst,2026-04-12 11:45:22
Naukri,Online Data Analyst,Carnivore Style,1-6 Yrs,N/A,"Pune, Kolkata, Mumbai, New Delhi, Hyderabad, Chennai, Bengaluru","Computer science, Hospitality, Data analysis, Google Analytics, Web analytics, Social media, E-commerce, Data Analyst",3+ weeks ago,https://www.naukri.com/job-listings-online-data-analyst-carnivore-style-kolkata-mumbai-new-delhi-hyderabad-pune-chennai-bengaluru-1-to-6-years-110725509015,Data Analyst,2026-04-12 11:45:23
Naukri,Data Analyst,Tech Stalwart Solution,6-9 Yrs,N/A,"Pune, Kolkata, Mumbai, New Delhi, Hyderabad, Chennai, Bengaluru","Data analysis, SCALA, Data Analyst, SQL, Python, Analysis, Data",3+ weeks ago,https://www.naukri.com/job-listings-data-analyst-tech-stalwart-solution-private-limited-kolkata-mumbai-new-delhi-hyderabad-pune-chennai-bengaluru-6-to-9-years-030125501914,Data Analyst,2026-04-12 11:45:23
Naukri,Data Analyst - Data Modelling & Governance,A client of Anlage,5-10 Yrs,N/A,"Pune, Bengaluru, Greater Noida","data analysis, GCP, data modelling, Data Engineering, Data Governance, Python, Engineering, Governance",2 weeks ago,https://www.naukri.com/job-listings-data-analyst-data-modelling-governance-anlage-infotech-pune-bengaluru-greater-noida-5-to-10-years-240326011688,Data Analyst,2026-04-12 11:45:23
Naukri,Data Analyst,MS Guide World,1-4 Yrs,N/A,"Pune, New Delhi, Bengaluru","Automation, Data analysis, SAP, Data modeling, Hyperion, SAP CRM, Business intelligence, Analytics",3+ weeks ago,https://www.naukri.com/job-listings-data-analyst-ms-guide-world-new-delhi-pune-bengaluru-1-to-4-years-260225502829,Data Analyst,2026-04-12 11:45:23
Naukri,Data Scientist (AI/ML)- India,Infosys,5-10 Yrs,N/A,"Hybrid - Pune, Hyderabad, Bengaluru","Machine Learning, Python, Matplotlib, Jupyter Notebook, Deep Learning, Numpy, Scikit-Learn, SQL",1 day ago,https://www.naukri.com/job-listings-data-scientist-ai-ml-india-infosys-hyderabad-pune-bengaluru-5-to-10-years-100426021596,Data Scientist,2026-04-12 11:45:38
Naukri,Data Scientist-Gen AI,Leading IT Service and Consulting Organization,6-10 Yrs,N/A,"Hybrid - Pune, Hyderabad, Bengaluru","Data Science, Generative Ai, Artificial Intelligence, Machine Learning, Python, Natural Language Processing, Deep Learning, Processing",2 days ago,https://www.naukri.com/job-listings-data-scientist-gen-ai-anlage-infotech-hyderabad-pune-bengaluru-6-to-10-years-100426004156,Data Scientist,2026-04-12 11:45:38
Naukri,Data Scientist,HCLTech,6-8 Yrs,N/A,"Hybrid - Pune, Hyderabad, Bengaluru","Data Science, Natural Language Processing, Machine Learning, Python, Processing, Machine, Process, Data",5 days ago,https://www.naukri.com/job-listings-data-scientist-hcltech-hyderabad-pune-bengaluru-6-to-8-years-030426017346,Data Scientist,2026-04-12 11:45:38
Naukri,Data Scientist - NLP Focused,Siemens,5-10 Yrs,N/A,Pune,"data scientist, rest, python, data analysis, natural language processing, forecasting, nltk, data mining",2 days ago,https://www.naukri.com/job-listings-data-scientist-nlp-focused-siemens-limited-pune-5-to-10-years-090426926646,Data Scientist,2026-04-12 11:45:39
Naukri,Data Scientist,EXL,2-5 Yrs,N/A,Pune,"Object oriented design, Data analysis, Testing tools, Machine learning, Data structures, Troubleshooting, JIRA, Technical support",2 days ago,https://www.naukri.com/job-listings-data-scientist-exl-services-com-i-pvt-ltd-pune-2-to-5-years-090426501972,Data Scientist,2026-04-12 11:45:39
Naukri,"Data Scientist, Actimize",NiCE,2-4 Yrs,N/A,Hybrid - Pune,"cloud, scripting, java, postgresql, spark, engine, mysql, hadoop",4 days ago,https://www.naukri.com/job-listings-data-scientist-actimize-nice-interactive-pune-2-to-4-years-080426012026,Data Scientist,2026-04-12 11:45:39
Naukri,Data Scientist-Artificial Intelligence,IBM,8-9 Yrs,N/A,Pune,"data scientist, kubernetes, python, github, natural language processing, ai, react, bootstrap",5 days ago,https://www.naukri.com/job-listings-data-scientist-artificial-intelligence-ibm-india-pvt-limited-pune-8-to-9-years-060426914816,Data Scientist,2026-04-12 11:45:39
Naukri,TOP MNC Looking For Data Scientist/Gen AI/AI/ML/Agentic AI/MLOps Cloud,Connexial Digital Technology,10-15 Yrs,20-35 Lacs PA,"Pune & Kolkata, Bangalore & Chennai, Noida & Gurgaon","GenAI, Azure, Artificial Intelligence, Data Scientist, AWS, Agentic Ai, Data Science, Gen AI",2 days ago,https://www.naukri.com/job-listings-top-mnc-looking-for-data-scientist-gen-ai-ai-ml-agentic-ai-mlops-cloud-connexial-digital-technology-pune-kolkata-bangalore-chennai-noida-gurgaon-10-to-15-years-090426020637,Data Scientist,2026-04-12 11:45:40
Naukri,Data Scientist,Procdna Analytics,3-6 Yrs,N/A,"Hybrid - Pune, Gurugram, Bengaluru","Data Science, Ml, Machine Learning, Ml Algorithms, Python, SQL, Data, Machine",4 days ago,https://www.naukri.com/job-listings-data-scientist-procdna-analytics-pune-gurugram-bengaluru-3-to-6-years-070426036277,Data Scientist,2026-04-12 11:45:40
Naukri,Data Scientist,Verdantas,3-5 Yrs,N/A,Pune,"Computer science, Analytical skills, GCP, Machine learning, Programming, Data quality, Data mining, Statistics",4 days ago,https://www.naukri.com/job-listings-data-scientist-verdantas-pune-3-to-5-years-070426501381,Data Scientist,2026-04-12 11:45:40
Naukri,Opening For Data Scientist (AI/ML)- India,Infosys,5-10 Yrs,N/A,"Hybrid - Pune, Hyderabad, Bengaluru","Machine Learning, Python, Matplotlib, Jupyter Notebook, Deep Learning, Numpy, Scikit-Learn, SQL",1 day ago,https://www.naukri.com/job-listings-opening-for-data-scientist-ai-ml-india-infosys-hyderabad-pune-bengaluru-5-to-10-years-100426021553,Data Scientist,2026-04-12 11:45:41
Naukri,Opening For Data Scientist (AI/ML)- Pan India,Infosys,5-10 Yrs,N/A,"Hybrid - Pune, Hyderabad, Bengaluru","Machine Learning, Python, Matplotlib, Jupyter Notebook, Deep Learning, Numpy, Scikit-Learn, SQL",2 days ago,https://www.naukri.com/job-listings-opening-for-data-scientist-ai-ml-pan-india-infosys-hyderabad-pune-bengaluru-5-to-10-years-090426029430,Data Scientist,2026-04-12 11:45:41
Naukri,Data Scientist - India,Infosys,5-9 Yrs,N/A,"Hybrid - Pune, Hyderabad, Bengaluru","Data Science, Natural Language Processing, Neural Networks, Computer Vision, Python, Langchain, Langgraph, Artificial Intelligence",1 week ago,https://www.naukri.com/job-listings-data-scientist-india-infosys-hyderabad-pune-bengaluru-5-to-9-years-020426030100,Data Scientist,2026-04-12 11:45:42
Naukri,Data Scientist,Infosys,5-9 Yrs,N/A,"Hybrid - Pune, Hyderabad, Bengaluru","Data Science, Natural Language Processing, Neural Networks, Computer Vision, Python, Langchain, Langgraph, Artificial Intelligence",1 week ago,https://www.naukri.com/job-listings-data-scientist-infosys-hyderabad-pune-bengaluru-5-to-9-years-020426027443,Data Scientist,2026-04-12 11:45:42
Naukri,"Data Scientist, Actimize",NICE,2-4 Yrs,N/A,Pune,"Performance tuning, MySQL, Machine learning, Schema, Flex, Perl, Data mining, JIRA",4 days ago,https://www.naukri.com/job-listings-data-scientist-actimize-nice-pune-2-to-4-years-070426500526,Data Scientist,2026-04-12 11:45:43
Naukri,Data Scientist,Ascendion Engineering,7-12 Yrs,N/A,"Hybrid - Pune, Hyderabad, Chennai","R, Generative Ai, LLM, Machine Learning, Python, Data Modeling, Machine, Modeling",4 days ago,https://www.naukri.com/job-listings-data-scientist-ascendion-engineering-hyderabad-pune-chennai-7-to-12-years-070426014449,Data Scientist,2026-04-12 11:45:43
Naukri,Data Scientist,Integrated Personnel Services,8-13 Yrs,5-15 Lacs PA,"Pune, Hyderabad, Bengaluru","Machine Learning, Tensorflow, Pytorch, Cnn, Rnn, Opencv, RCNN, Python",2 weeks ago,https://www.naukri.com/job-listings-data-scientist-integrated-personnel-services-hyderabad-pune-bengaluru-8-to-13-years-280326008173,Data Scientist,2026-04-12 11:45:43
Naukri,Data Scientist/AI developer,Infosys,9-11 Yrs,15-25 Lacs PA,"Pune, Hyderabad, Bengaluru","Gen AI, Cloud Exp req, data scientist, ai developer, Cloud, Exp, Development, Artificial Intelligence",1 week ago,https://www.naukri.com/job-listings-data-scientist-ai-developer-it-scient-hyderabad-pune-bengaluru-9-to-11-years-030426006375,Data Scientist,2026-04-12 11:45:53
Naukri,Data Scientist,Grid Dynamics,5-10 Yrs,30-40 Lacs PA,"Hybrid - Pune, Chennai","Agentic Ai, Generative Ai, Langgraph, RAG, LLM, Pytorch, Tensorflow, fine-tuning",1 week ago,https://www.naukri.com/job-listings-data-scientist-grid-dynamics-pune-chennai-5-to-10-years-310326037876,Data Scientist,2026-04-12 11:45:53
Naukri,Ai Ml Engineer / Data Scientist,Envision Technologies,6-11 Yrs,15-27.5 Lacs PA (Including Variable: 5.0%),"Hybrid - Pune, Hyderabad, Chennai","Artificial Intelligence, Machine Learning, Python, Predictive Modeling, Data Science, Aiml, AWS, Ml",1 week ago,https://www.naukri.com/job-listings-ai-ml-engineer-data-scientist-envision-technology-solutions-hyderabad-pune-chennai-6-to-11-years-010426027509,Data Scientist,2026-04-12 11:45:53
Naukri,Data Scientist,Solytics Partners,1-3 Yrs,N/A,Hybrid - Pune,"Large Language Model, Natural Language Processing, Machine Learning, Python, GENERATIVE AI TOOLS, Docker, Azure Machine Learning, Processing",1 week ago,https://www.naukri.com/job-listings-data-scientist-solytics-partners-pune-1-to-3-years-030426012169,Data Scientist,2026-04-12 11:45:53
Naukri,Data Scientist Oil & Gas,Information Technology,10-15 Yrs,N/A,"Pune, Kolkata, Delhi / NCR","Data Science, Oil And Gas, Artificial Intelligence, Machine Learning, Predictive Modeling, Petrochemical, Predictive, Machine",1 week ago,https://www.naukri.com/job-listings-data-scientist-oil-gas-erm-placement-services-kolkata-pune-delhi-ncr-10-to-15-years-010426017787,Data Scientist,2026-04-12 11:45:53
Naukri,Data Scientist,Camzy Infotech,8-10 Yrs,N/A,"Pune, Hyderabad, Bengaluru","Python, Tensorflow, CNN, Performance Optimization, Genrative Ai, Github, Artificial Intelligence, Natural Language Processing",1 week ago,https://www.naukri.com/job-listings-data-scientist-camzy-infotech-hyderabad-pune-bengaluru-8-to-10-years-310326013413,Data Scientist,2026-04-12 11:45:54
Naukri,Opportunity For Data Scientist MLOps/AI professionals,Atos,10-15 Yrs,N/A,"Pune, Bengaluru, Mumbai (All Areas)","AI/ML, MLOps, Langchain, Artificial Intelligence, Data Scientist, LLMOps, LLM, Machine Learning",3 weeks ago,https://www.naukri.com/job-listings-opportunity-for-data-scientist-mlops-ai-professionals-atos-pune-bengaluru-mumbai-all-areas-10-to-15-years-261125037767,Data Scientist,2026-04-12 11:45:54
Naukri,Data Scientist,Tata Consultancy Services,8-10 Yrs,N/A,"Pune, Chennai, Bengaluru","Fast Api, Python, SQL, Data Structures, Javascript, Node.Js, API, Data",2 weeks ago,https://www.naukri.com/job-listings-data-scientist-tata-consultancy-services-pune-chennai-bengaluru-8-to-10-years-230326030550,Data Scientist,2026-04-12 11:45:54
Naukri,Data Scientist + Machine Learning (5-10 Years),Infosys,5-10 Yrs,N/A,"Hybrid - Pune, Hyderabad, Bengaluru","Data Science, Machine Learning, Natural Language Processing, Deep Learning, Python, Data, Machine, Science",2 weeks ago,https://www.naukri.com/job-listings-data-scientist-machine-learning-5-10-years-infosys-hyderabad-pune-bengaluru-5-to-10-years-050126030206,Data Scientist,2026-04-12 11:45:54
Naukri,Data Scientist Cyber Threat Intelligence,A.P. Moller Maersk,5-10 Yrs,N/A,"Pune, Bengaluru","Automation, Relationship building, Data quality, Continuous improvement, Security operations, Forecasting, Operations, Auditing",3+ weeks ago,https://www.naukri.com/job-listings-data-scientist-cyber-threat-intelligence-maersk-global-service-centres-india-pvt-ltd-pune-bengaluru-5-to-10-years-240226503494,Data Scientist,2026-04-12 11:45:55
Naukri,GEN AI/Data Scientist,Capgemini,5-10 Yrs,N/A,"Hybrid - Pune, Bengaluru","Generative Ai, Python, Data Science, Machine Learning, Artificial Intelligence, Data, Machine, Science",3 weeks ago,https://www.naukri.com/job-listings-gen-ai-data-scientist-capgemini-pune-bengaluru-5-to-10-years-170326012323,Data Scientist,2026-04-12 11:45:55
Naukri,Data Scientist,Datamatics Business Solutions,4-9 Yrs,N/A,"Pune, Kolkata, Mumbai, New Delhi, Hyderabad, Chennai, Bengaluru","Computer science, Backend, Version control, Machine learning, Data quality, Business solutions, Monitoring, SQL",3+ weeks ago,https://www.naukri.com/job-listings-data-scientist-datamatics-business-solutions-ltd-kolkata-mumbai-new-delhi-hyderabad-pune-chennai-bengaluru-4-to-9-years-090525501152,Data Scientist,2026-04-12 11:45:55
Naukri,Data Scientist and Vertex AI_Senior Analyst,Clarice Technologie,3-7 Yrs,N/A,Pune,"digital, python, data analysis, natural language processing, data mining, predictive analytics, machine learning, sql",3+ weeks ago,https://www.naukri.com/job-listings-data-scientist-and-vertex-ai-senior-analyst-clarice-technologie-pune-3-to-7-years-301225500449,Data Scientist,2026-04-12 11:45:55
Naukri,Deep Learning / Machine Learning / Data Scientist Intern,Pivotchain Solutions,N/A,Unpaid,Pune,,Starts in 1-3 months,https://www.naukri.com/job-listings-deep-learning-machine-learning-data-scientist-intern-pivotchain-pune-0-to-2-years-111224502998,Data Scientist,2026-04-12 11:45:55
Naukri,Data Scientist,Scimitar Research,0-1 Yrs,N/A,Pune,"Computer science, Data analysis, PDF, data science, data manipulation, Demand forecasting, Machine learning, Programming",3+ weeks ago,https://www.naukri.com/job-listings-data-scientist-scimitar-research-pune-0-to-1-years-090424501380,Data Scientist,2026-04-12 11:45:55
Naukri,Data Scientist,Jash Data Sciences,0-5 Yrs,N/A,Pune,"Computer science, Performance tuning, GIT, Postgresql, Django, Machine learning, OLAP, OLTP",3+ weeks ago,https://www.naukri.com/job-listings-data-scientist-jash-data-sciences-pune-0-to-5-years-051224504516,Data Scientist,2026-04-12 11:45:56
Naukri,Data Scientist,Leading IT Service and Consulting Organization,5-10 Yrs,N/A,"Hybrid - Pune, Chennai, Bengaluru","Artificial Intelligence, Natural Language Processing, Machine Learning, Deep Learning, Python, Data, Machine, Intelligence",3+ weeks ago,https://www.naukri.com/job-listings-data-scientist-anlage-infotech-pune-chennai-bengaluru-5-to-10-years-110326012279,Data Scientist,2026-04-12 11:45:56
Naukri,Data Scientist,Maddisoft Solutions,0-5 Yrs,N/A,"Pune, Hyderabad","Power Bi Reports, Regression, Data Visualization, Clustering, Python, Excel, Power Bi, Factoring",2 weeks ago,https://www.naukri.com/job-listings-data-scientist-maddisoft-solutions-hyderabad-pune-0-to-5-years-171025022506,Data Scientist,2026-04-12 11:45:56
Naukri,Data Scientist,Rolls-Royce,6-10 Yrs,N/A,Pune,"Version control, Machine learning, Agile, Scrum, test driven development, data visualization, Stakeholder management, MATLAB",3+ weeks ago,https://www.naukri.com/job-listings-data-scientist-rolls-royce-india-private-ltd-pune-6-to-10-years-240226500847,Data Scientist,2026-04-12 11:45:56
Naukri,Data Scientist,Infosys,6-11 Yrs,N/A,Pune,"Artificial Intelligence, Python, Natural Language Processing, Machine Learning, Ml, Processing, Machine, Process",2 weeks ago,https://www.naukri.com/job-listings-data-scientist-infosys-pune-6-to-11-years-100326028791,Data Scientist,2026-04-12 11:46:05
Naukri,Data Scientist Cyber Threat Intelligence,APM Terminals,5-10 Yrs,N/A,"Pune, Bengaluru","Computer science, Automation, Relationship building, Data quality, Continuous improvement, Security operations, Forecasting, Operations",3+ weeks ago,https://www.naukri.com/job-listings-data-scientist-cyber-threat-intelligence-apm-terminal-sport-india-pune-bengaluru-5-to-10-years-250226502336,Data Scientist,2026-04-12 11:46:05
Naukri,Data Scientist,Tata Consultancy Services,5-10 Yrs,N/A,"Pune, Hyderabad, Chennai","Gradient Boosting, Robust, Glm, Machine Learning, A/B TESTING, Xgboost, Pandas, Data",3 weeks ago,https://www.naukri.com/job-listings-data-scientist-tata-consultancy-services-hyderabad-pune-chennai-5-to-10-years-180326029484,Data Scientist,2026-04-12 11:46:05
Naukri,AI/ML Data Scientist/Engineer,Corning Technologies,2-4 Yrs,N/A,Pune,"Computer science, Data analysis, data science, Machine learning, Business strategy, Troubleshooting, Forecasting, Analytics",3+ weeks ago,https://www.naukri.com/job-listings-ai-ml-data-scientist-engineer-corning-pune-2-to-4-years-030326501617,Data Scientist,2026-04-12 11:46:06
Naukri,BI Engineer / Data Scientist,Adeption,6-11 Yrs,N/A,Pune,"Automation, SAS, Project management, MySQL, Shell scripting, Informatica, Oracle, Apache",3+ weeks ago,https://www.naukri.com/job-listings-bi-engineer-data-scientist-adeption-pune-6-to-11-years-190225500382,Data Scientist,2026-04-12 11:46:06
Naukri,Data Scientist,CGI,7-12 Yrs,20-25 Lacs PA,Pune,"Azure ML, scoring, Microsoft Fabric, forecasting, and insights, Azure devops, ML, Data",2 weeks ago,https://www.naukri.com/job-listings-data-scientist-cgi-pune-7-to-12-years-230326033774,Data Scientist,2026-04-12 11:46:06
Naukri,Data Scientist,Photon,3-5 Yrs,N/A,Pune,"Retail, Data analysis, data science, Analytical, Machine learning, Business strategy, big data, Analytics",3+ weeks ago,https://www.naukri.com/job-listings-data-scientist-photon-infotech-p-ltd-pune-3-to-5-years-210225503305,Data Scientist,2026-04-12 11:46:06
Naukri,"Lead Data Scientist, AI and Machine Learning",Hilabs,3-8 Yrs,N/A,Pune,"Python or Scala programming, AI and Machine Learning, Python, Applied ML in healthcare, ML best practices, ML algorithms and mathematics, big data processing, model deployment and optimization",3 weeks ago,https://www.naukri.com/job-listings-lead-data-scientist-ai-and-machine-learning-hilabs-pune-3-to-8-years-080126022816,Data Scientist,2026-04-12 11:46:07
Naukri,Data Scientist,Mitratech India,3-8 Yrs,N/A,"Pune, Kolkata, Mumbai, New Delhi, Hyderabad, Chennai, Bengaluru","Computer science, Data analysis, Data validation, GCP, Analytical, Artificial Intelligence, Machine learning, Data quality",2 weeks ago,https://www.naukri.com/job-listings-data-scientist-mitratech-kolkata-mumbai-new-delhi-hyderabad-pune-chennai-bengaluru-3-to-8-years-240326507974,Data Scientist,2026-04-12 11:46:07
Naukri,Data Scientist,Kanini Software Solutions,8-10 Yrs,N/A,"Hybrid - Pune, Chennai, Bengaluru","Generative Ai, Cloud, Fast Api, Machine Learning, Python, API, Machine, Artificial Intelligence",3 weeks ago,https://www.naukri.com/job-listings-data-scientist-kanini-software-solutions-pune-chennai-bengaluru-8-to-10-years-160326015078,Data Scientist,2026-04-12 11:46:07
Naukri,Data Scientist Shalini,Logic Planet,8-14 Yrs,N/A,"Pune, Kolkata, Mumbai, New Delhi, Hyderabad, Chennai, Bengaluru","cloud services, sap, ai solutions, ai, system design, machine learning, data science tools, microservices",3+ weeks ago,https://www.naukri.com/job-listings-data-scientist-shalini-logicplanet-it-services-kolkata-mumbai-new-delhi-hyderabad-pune-chennai-bengaluru-8-to-14-years-200226504888,Data Scientist,2026-04-12 11:46:07
Naukri,Data Scientist,EXL,6-11 Yrs,N/A,"Hybrid - Pune, Bengaluru, Delhi / NCR","Agentic Ai, Generative Ai, GCP, Cloud Platform, Retrieval Augmented Generation, LLM, Machine Learning, Artificial Intelligence",3 weeks ago,https://www.naukri.com/job-listings-data-scientist-exl-pune-bengaluru-delhi-ncr-6-to-11-years-170326019308,Data Scientist,2026-04-12 11:46:07
Naukri,Data Scientist,Bot Consulting,2-5 Yrs,N/A,"Pune, Kolkata, Mumbai, New Delhi, Hyderabad, Chennai, Bengaluru","IT services, Machine learning, Sales forecasting, Data processing, Wellness, data visualization, big data, Automotive",3+ weeks ago,https://www.naukri.com/job-listings-data-scientist-bot-consulting-kolkata-mumbai-new-delhi-hyderabad-pune-chennai-bengaluru-2-to-5-years-230525505084,Data Scientist,2026-04-12 11:46:08
Naukri,Data Scientist,Digital Glyde,3-7 Yrs,N/A,"Pune, Kolkata, Mumbai, New Delhi, Hyderabad, Chennai, Bengaluru","Data analysis, Operations research, Social science, Analytical, Report writing, MySQL, Cloud, Database",3+ weeks ago,https://www.naukri.com/job-listings-data-scientist-digital-glyde-kolkata-mumbai-new-delhi-hyderabad-pune-chennai-bengaluru-3-to-7-years-300424501229,Data Scientist,2026-04-12 11:46:08
Naukri,Data Scientist,Artify Talent Studio,4-8 Yrs,N/A,"Pune, Kolkata, Mumbai, New Delhi, Hyderabad, Chennai, Bengaluru",Data Scientist,3+ weeks ago,https://www.naukri.com/job-listings-data-scientist-artify-talent-studio-kolkata-mumbai-new-delhi-hyderabad-pune-chennai-bengaluru-4-to-8-years-280525502561,Data Scientist,2026-04-12 11:46:08
Naukri,Data Scientist,Rezultize,3-8 Yrs,N/A,"Pune, Kolkata, Mumbai, New Delhi, Hyderabad, Chennai, Bengaluru","Computer science, Data analysis, Process optimization, Machine learning, Predictive modeling, Customer engagement, Data mining, Business solutions",3+ weeks ago,https://www.naukri.com/job-listings-data-scientist-rezultize-kolkata-mumbai-new-delhi-hyderabad-pune-chennai-bengaluru-3-to-8-years-241224503392,Data Scientist,2026-04-12 11:46:08
Naukri,Data Scientist,GLOINNT,6-11 Yrs,N/A,"Pune, Mysuru, Bengaluru","Cloud computing, deep learning, Data analysis, GCP, power bi, data visualization, big data, Automotive",3+ weeks ago,https://www.naukri.com/job-listings-data-scientist-gloinnt-pune-mysuru-bengaluru-6-to-11-years-220825501329,Data Scientist,2026-04-12 11:46:09
Naukri,Data Scientist,Leokraft Technologies,3-7 Yrs,N/A,"Pune, Kolkata, Mumbai, New Delhi, Hyderabad, Chennai, Bengaluru","Computer science, data science, GCP, Machine learning, Cloud, Programming, data visualization, Troubleshooting",3+ weeks ago,https://www.naukri.com/job-listings-data-scientist-leokraft-technologies-kolkata-mumbai-new-delhi-hyderabad-pune-chennai-bengaluru-3-to-7-years-210225503399,Data Scientist,2026-04-12 11:46:09
Naukri,Data Scientist,LLP S3bglobal Technologies,1-6 Yrs,N/A,"Pune, Kolkata, Mumbai, New Delhi, Hyderabad, Chennai, Bengaluru","python, natural language processing, forecasting, airflow, neural networks, microsoft azure, machine learning, artificial intelligence",3+ weeks ago,https://www.naukri.com/job-listings-data-scientist-s3b-global-kolkata-mumbai-new-delhi-hyderabad-pune-chennai-bengaluru-1-to-6-years-200825502005,Data Scientist,2026-04-12 11:46:09
Naukri,Data scientist,Meyrahkee,3-7 Yrs,N/A,"Pune, Mumbai, Bengaluru","Computer science, GCP, Machine learning, Cloud, Manager Technology, Workflow, E-commerce, Data quality",3+ weeks ago,https://www.naukri.com/job-listings-data-scientist-meyrahkee-mumbai-pune-bengaluru-3-to-7-years-131219500724,Data Scientist,2026-04-12 11:46:09
Naukri,Machine Learning Engineer,Infogain,8-13 Yrs,N/A,"Hybrid - Pune, Delhi / NCR, Mumbai (All Areas)","Artificial Intelligence, Machine Learning, Deep Learning, Python, Tensorflow, HuggingFace, Natural Language Processing, LangChain",1 week ago,https://www.naukri.com/job-listings-machine-learning-engineer-infogain-pune-delhi-ncr-mumbai-all-areas-8-to-13-years-020426024611,Machine Learning Engineer,2026-04-12 11:46:25
Naukri,Machine Learning Engineer,ZeMoSo Technologies,4-8 Yrs,N/A,"Hybrid - Pune, Hyderabad, Bengaluru","Machine Learning, Pytorch, Tensorflow, Natural Language Processing, Ml Pipelines, Deep Learning, Languages, Pipeline",1 day ago,https://www.naukri.com/job-listings-machine-learning-engineer-zemoso-technologies-hyderabad-pune-bengaluru-4-to-8-years-110326011782,Machine Learning Engineer,2026-04-12 11:46:25
Naukri,Machine Learning Engineer,Agdata,10-20 Yrs,N/A,Hybrid - Pune(Balewadi),"Data Science, Machine Learning, Deep Learning, Python, SQL, Artificial Intelligence, ETL, Science",1 week ago,https://www.naukri.com/job-listings-machine-learning-engineer-agdata-pune-10-to-20-years-310326034911,Machine Learning Engineer,2026-04-12 11:46:25
Naukri,Staff Machine Learning Engineer,HMH Technology Private Limited,8-12 Yrs,N/A,Pune,"machine learning, kubernetes, mlops, python, c, ai, human resources, docker",1 week ago,https://www.naukri.com/job-listings-staff-machine-learning-engineer-hmh-technology-private-limited-ed-pune-8-to-12-years-300326938074,Machine Learning Engineer,2026-04-12 11:46:25
Naukri,Machine Learning Engineer,Bluo Software India LLP,4-9 Yrs,5-15 Lacs PA,Pune,"Artificial Intelligence, Machine Learning, Python, Machine, Intelligence",1 week ago,https://www.naukri.com/job-listings-machine-learning-engineer-bluo-software-pune-4-to-9-years-310326030369,Machine Learning Engineer,2026-04-12 11:46:25
Naukri,AI Engineer (Generative AI & Machine Learning),Mindbowser,2-3 Yrs,N/A,Pune,"Computer science, Computer vision, data science, GCP, Artificial Intelligence, Machine learning, Software development life cycle, Data structures",2 days ago,https://www.naukri.com/job-listings-ai-engineer-generative-ai-machine-learning-mindbowser-inc-pune-2-to-3-years-090426503072,Machine Learning Engineer,2026-04-12 11:46:26
Naukri,Principal Engineer - AI & Machine Learning (5 Days Working!),Leading MNC Medical Device Company,6-10 Yrs,N/A,Pune,"Data Pipeline, Python Programming, Machine Learning & Deep Learning, AWS / Cloud Deployment, Cloud, AWS, Cloud Deployment, Machine",2 days ago,https://www.naukri.com/job-listings-principal-engineer-ai-machine-learning-5-days-working-angel-jobs-pune-6-to-10-years-100426001395,Machine Learning Engineer,2026-04-12 11:46:26
Naukri,AI/ Machine Learning Engineers/ Leads/ Architects/ Mngrs- Fortune 500,Fortune 500 IT MNC,5-10 Yrs,20-35 Lacs PA,"Hybrid - Pune, Hyderabad, Gurugram, Chennai, Bengaluru, Mumbai (All Areas)","Machine Learning, Ml Engineer, Gen AI, AI ML, NLP, Artificial Intelligence, computer vision, ML Architect",2 days ago,https://www.naukri.com/job-listings-ai-machine-learning-engineers-leads-architects-mngrs-fortune-500-mukul-consultants-hyderabad-pune-gurugram-chennai-bengaluru-mumbai-all-areas-5-to-10-years-191225002614,Machine Learning Engineer,2026-04-12 11:46:26
Naukri,Artificial Intelligence / Machine Learning Engineer Lead,FIS,10-15 Yrs,N/A,Pune,"machine learning, insurance, trading, rest, mlops, python, restful, ai",2 weeks ago,https://www.naukri.com/job-listings-artificial-intelligence-machine-learning-engineer-lead-fis-global-business-solutions-india-pvt-ltd-pune-10-to-15-years-250326915182,Machine Learning Engineer,2026-04-12 11:46:27
Naukri,Data Scientist / Machine Learning Engineer,CMMI Level 5 IT Company - MNC,7-12 Yrs,15-30 Lacs PA,"Pune, Chennai, Bengaluru","Machine Learning, SQL, PyTorch, Data Analysis, TensorFlow, Predictive Modeling, EDA, Power BI",3 weeks ago,https://www.naukri.com/job-listings-data-scientist-machine-learning-engineer-consult-asia-pune-chennai-bengaluru-7-to-12-years-210326001864,Machine Learning Engineer,2026-04-12 11:46:27
Naukri,Opening For Python Machine Learning Engineer-Pan India,Infosys,5-10 Yrs,N/A,"Hybrid - Pune, Hyderabad, Bengaluru","Machine Learning, Python, Tensorflow, Artificial Intelligence, Deep Learning, SQL, Intelligence, Machine",2 weeks ago,https://www.naukri.com/job-listings-opening-for-python-machine-learning-engineer-pan-india-infosys-hyderabad-pune-bengaluru-5-to-10-years-260326035192,Machine Learning Engineer,2026-04-12 11:46:27
Naukri,Machine Learning Engineer,Infosys,5-10 Yrs,N/A,"Hybrid - Pune, Hyderabad, Bengaluru","Artificial Intelligence, Natural Language Processing, Machine Learning, Python, Processing, Machine, Process, Intelligence",3+ weeks ago,https://www.naukri.com/job-listings-machine-learning-engineer-infosys-hyderabad-pune-bengaluru-5-to-10-years-090326014355,Machine Learning Engineer,2026-04-12 11:46:27
Naukri,Data Science Engineer II Machine Learning (Python / AWS),Accelya,3-5 Yrs,N/A,Pune,"data science, Analytical, Data processing, Forecasting, Operations, Analytics, Monitoring, SQL",3 days ago,https://www.naukri.com/job-listings-data-science-engineer-ii-machine-learning-python-aws-accelya-kale-solutions-ltd-pune-3-to-5-years-080426503163,Machine Learning Engineer,2026-04-12 11:46:28
Naukri,Machine Learning Engineer,Tata Consultancy Services,4-9 Yrs,N/A,"Pune, Hyderabad, Chennai","Machine Learning, Python, Tensorflow, Artificial Intelligence, Machine, Intelligence",2 weeks ago,https://www.naukri.com/job-listings-machine-learning-engineer-tata-consultancy-services-hyderabad-pune-chennai-4-to-9-years-250326000140,Machine Learning Engineer,2026-04-12 11:46:28
Naukri,Machine Learning Engineer,Athena Global Education,3-5 Yrs,N/A,Pune,"tableau, Data analysis, Analytical, Machine learning, power bi, Predictive modeling, data visualization, Business understanding",1 week ago,https://www.naukri.com/job-listings-machine-learning-engineer-athena-global-education-pune-3-to-5-years-310326500206,Machine Learning Engineer,2026-04-12 11:46:28
Naukri,Machine Learning Engineer,Micro1,2-5 Yrs,N/A,"Pune, Kolkata, Mumbai, New Delhi, Hyderabad, Chennai, Bengaluru","machine learning algorithms, machine learning, aws, mongodb, artificial intelligence, communication skills, ml, Machine",3+ weeks ago,https://www.naukri.com/job-listings-machine-learning-engineer-micro1-kolkata-mumbai-new-delhi-hyderabad-pune-chennai-bengaluru-2-to-5-years-290425501301,Machine Learning Engineer,2026-04-12 11:46:28
Naukri,Machine Learning Engineer,Aidaptive,2-5 Yrs,N/A,"Pune, Kolkata, Mumbai, New Delhi, Hyderabad, Chennai, Bengaluru","Computer science, Computer vision, deep learning, Artificial Intelligence, Machine learning, Deployment, Natural language processing, Management",3+ weeks ago,https://www.naukri.com/job-listings-machine-learning-engineer-aidaptive-kolkata-mumbai-new-delhi-hyderabad-pune-chennai-bengaluru-2-to-5-years-090224500861,Machine Learning Engineer,2026-04-12 11:46:29
Naukri,Machine Learning Engineer (Speech) - AI,Level Ai,2-6 Yrs,N/A,"Pune, Kolkata, Mumbai, New Delhi, Hyderabad, Chennai, Bengaluru","Computer science, ASR, Linux, Transcription, Enterprise applications, Machine learning, Agile, Information retrieval",3+ weeks ago,https://www.naukri.com/job-listings-machine-learning-engineer-speech-ai-levelai-kolkata-mumbai-new-delhi-hyderabad-pune-chennai-bengaluru-2-to-6-years-030524501412,Machine Learning Engineer,2026-04-12 11:46:29
Naukri,Machine Learning Engineer,Experis,7-12 Yrs,N/A,"Pune, Hyderabad, Bengaluru","Machine Learning, PyTorch, NLP, XGBoost, Python, EDA, Generative AI, PySpark",2 weeks ago,https://www.naukri.com/job-listings-machine-learning-engineer-experis-hyderabad-pune-bengaluru-7-to-12-years-250326014155,Machine Learning Engineer,2026-04-12 11:46:29
Naukri,Machine Learning Engineer,Luxoft,3-7 Yrs,N/A,"Pune, Mumbai, Chennai","machine learning, mlops, python, data analytics, generative ai, data engineer, forecasting, airflow",2 weeks ago,https://www.naukri.com/job-listings-machine-learning-engineer-luxoft-india-llp-mumbai-pune-chennai-3-to-7-years-250326933161,Machine Learning Engineer,2026-04-12 11:46:36
Naukri,Machine Learning Engineer,TAC Security,2-7 Yrs,N/A,"Pune, Mumbai","SAN, deep learning, Artificial Intelligence, MySQL, Machine learning, Data analytics, data visualization, Vulnerability management",3+ weeks ago,https://www.naukri.com/job-listings-machine-learning-engineer-tac-security-mumbai-pune-2-to-7-years-220623500177,Machine Learning Engineer,2026-04-12 11:46:36
Naukri,AI/Machine Learning Engineer,Cks Global Ventures,2-6 Yrs,N/A,Pune,"Analytical skills, Computer vision, deep learning, 3D modeling, Image processing, Analytical, Machine learning, Algorithm development",3+ weeks ago,https://www.naukri.com/job-listings-ai-machine-learning-engineer-assetone-pune-2-to-6-years-300126501695,Machine Learning Engineer,2026-04-12 11:46:37
Naukri,"Engineer Lead , Artificial Intelligence / Machine Learning",FIS,10-15 Yrs,N/A,Pune,"Artificial Intelligence, Machine learning, python, llm, redis, pandas, tensorflow, restful apis",3 weeks ago,https://www.naukri.com/job-listings-engineer-lead-artificial-intelligence-machine-learning-fis-global-business-solutions-india-pvt-ltd-pune-10-to-15-years-190326919203,Machine Learning Engineer,2026-04-12 11:46:37
Naukri,"Engineer Lead, Artificial Intelligence / Machine Learning (GitHub",FIS,8-13 Yrs,N/A,Pune,"github, python, restful, ai, machine learning, llm, artificial intelligence, redis",3 weeks ago,https://www.naukri.com/job-listings-engineer-lead-artificial-intelligence-machine-learning-github-fis-global-business-solutions-india-pvt-ltd-pune-8-to-13-years-200326916025,Machine Learning Engineer,2026-04-12 11:46:37
Naukri,"Engineer Lead, Artificial Intelligence / Machine Learning (GitHub )",FIS,6-11 Yrs,N/A,Pune,"github, python, restful, ai, machine learning, llm, artificial intelligence, redis",3 weeks ago,https://www.naukri.com/job-listings-engineer-lead-artificial-intelligence-machine-learning-github-fis-global-business-solutions-india-pvt-ltd-pune-6-to-11-years-200326916022,Machine Learning Engineer,2026-04-12 11:46:37
Naukri,"Engineer Lead, Artificial Intelligence / Machine Learning",FIS,10-15 Yrs,N/A,Pune,"data scientist, python, forecasting, ai, numpy, machine learning, artificial intelligence, nosql",3 weeks ago,https://www.naukri.com/job-listings-engineer-lead-artificial-intelligence-machine-learning-fis-global-business-solutions-india-pvt-ltd-pune-10-to-15-years-190326920773,Machine Learning Engineer,2026-04-12 11:46:38
Naukri,Machine Learning Engineer,US based public listed MNC,4-6 Yrs,N/A,Hybrid - Pune,"LLM, Machine Learning, Deep Learning, Tensorflow, Artificial Intelligence, Natural Language Processing, Keras, Python",3+ weeks ago,https://www.naukri.com/job-listings-machine-learning-engineer-delta-hr-consultancy-pune-4-to-6-years-110326020037,Machine Learning Engineer,2026-04-12 11:46:38
Naukri,Machine Learning Engineer,Tata Consultancy Services,6-10 Yrs,N/A,"Pune, Hyderabad","Pyspark, Machine Learning, Adb, azure, Microsoft Azure, Machine",2 weeks ago,https://www.naukri.com/job-listings-machine-learning-engineer-tata-consultancy-services-hyderabad-pune-6-to-10-years-230326014131,Machine Learning Engineer,2026-04-12 11:46:38
Naukri,Machine Learning Engineer I/II,Panasonic,3-7 Yrs,N/A,Pune,"Architect, Machine learning, Cloud, Technical leadership, Infrastructure, model development, Deployment, Leadership",3+ weeks ago,https://www.naukri.com/job-listings-machine-learning-engineer-i-ii-panasonic-india-pvt-ltd-pune-3-to-7-years-251025503598,Machine Learning Engineer,2026-04-12 11:46:38
Naukri,Machine Learning Engineer,Open Insights,2-6 Yrs,N/A,"Pune, Kolkata, Mumbai, New Delhi, Hyderabad, Chennai, Bengaluru","Data modeling, Coding, Machine learning, Data structures, Open source, Analytics, Monitoring, SQL",3+ weeks ago,https://www.naukri.com/job-listings-machine-learning-engineer-open-insights-kolkata-mumbai-new-delhi-hyderabad-pune-chennai-bengaluru-2-to-6-years-010523501680,Machine Learning Engineer,2026-04-12 11:46:38
Naukri,Machine Learning Engineer (Mid-Level),Aerobotics7,2-4 Yrs,N/A,"Pune, Kolkata, Mumbai, New Delhi, Hyderabad, Chennai, Bengaluru","Computer vision, Career development, C++, Coding, GCP, Machine learning, high performance computing, Monitoring",3+ weeks ago,https://www.naukri.com/job-listings-machine-learning-engineer-mid-level-aerobotics7-kolkata-mumbai-new-delhi-hyderabad-pune-chennai-bengaluru-2-to-4-years-240725503279,Machine Learning Engineer,2026-04-12 11:46:39
Naukri,Machine Learning Engineer,Bayinfotech,3-5 Yrs,N/A,"Pune, Kolkata, Mumbai, New Delhi, Hyderabad, Chennai, Bengaluru","Computer science, Machine learning, Cloud, Database, Manager Technology, Deployment, Natural language processing, Open source",3+ weeks ago,https://www.naukri.com/job-listings-machine-learning-engineer-bayinfotech-kolkata-mumbai-new-delhi-hyderabad-pune-chennai-bengaluru-3-to-5-years-071124502428,Machine Learning Engineer,2026-04-12 11:46:39
Naukri,Machine learning and AI Engineer,Megdap Innovation Labs,2-5 Yrs,N/A,Pune,"Computer science, C++, GIT, Linux, Image processing, Machine learning, Perl, Open source",3+ weeks ago,https://www.naukri.com/job-listings-machine-learning-and-ai-engineer-megdap-innovation-labs-private-limited-pune-2-to-5-years-300519501027,Machine Learning Engineer,2026-04-12 11:46:39
Naukri,Data Engineer Machine Learning,MSys,6-7 Yrs,25-30 Lacs PA,"Hybrid - Pune, Noida, Mumbai (All Areas)","Pyspark, Huggingface, MLFlow, Data Bricks, Data, Bricks, Microsoft Flow, Machine",3+ weeks ago,https://www.naukri.com/job-listings-data-engineer-machine-learning-msys-noida-pune-mumbai-all-areas-6-to-7-years-120326033273,Machine Learning Engineer,2026-04-12 11:46:39
Naukri,Machine Learning Engineer (ML Ops),Client of Edge,5-10 Yrs,15-25 Lacs PA,"Hybrid - Pune, Bengaluru, Delhi / NCR","Ops, Machine Learning, MLops, solution, Cloud, Devops, Implementation, Ml",3 weeks ago,https://www.naukri.com/job-listings-machine-learning-engineer-ml-ops-edge-executive-search-pune-bengaluru-delhi-ncr-5-to-10-years-200326011683,Machine Learning Engineer,2026-04-12 11:46:40
Naukri,Principal Machine Learning Engineer,PubMatic,3-4 Yrs,N/A,Pune,"Supply chain, Data analysis, digital content, Machine learning, Healthcare, Data mining, MATLAB, digital advertising",3+ weeks ago,https://www.naukri.com/job-listings-principal-machine-learning-engineer-pubmatic-india-pvt-ltd-pune-3-to-4-years-240325503065,Machine Learning Engineer,2026-04-12 11:46:40
Naukri,Machine Learning Engineer,Cloudhedge Technologies,3-6 Yrs,N/A,Pune,"deep learning, C++, NoSQL, Cloud Services, Machine learning, big data, AWS, SQL",3+ weeks ago,https://www.naukri.com/job-listings-machine-learning-engineer-cloudhedge-technologies-pune-3-to-6-years-180226503653,Machine Learning Engineer,2026-04-12 11:46:40
Naukri,Staff Machine Learning Engineer,Hg Insights Com,8-13 Yrs,N/A,Pune,"Computer science, Usage, orchestration, Machine learning, Infrastructure, System design, Workflow, Open source",3+ weeks ago,https://www.naukri.com/job-listings-staff-machine-learning-engineer-hg-data-company-pune-8-to-13-years-071025502458,Machine Learning Engineer,2026-04-12 11:46:49
Naukri,Machine Learning Engineer (MLE) / Researcher (MLR),Wynploy,3-8 Yrs,N/A,Pune,"Computer science, Coding, GCP, Machine learning, System design, Workflow, Natural language processing, Open source",3+ weeks ago,https://www.naukri.com/job-listings-machine-learning-engineer-mle-researcher-mlr-wynploy-pune-3-to-8-years-200226505649,Machine Learning Engineer,2026-04-12 11:46:50
Naukri,Machine Learning Engineer,Finarkein Analytics,1-3 Yrs,N/A,Pune,"deep learning, data science, GCP, Time series analysis, Analytical, Machine learning, Forecasting, Monitoring",3+ weeks ago,https://www.naukri.com/job-listings-machine-learning-engineer-finarkein-analytics-pune-1-to-3-years-150126501606,Machine Learning Engineer,2026-04-12 11:46:50
Naukri,Machine Learning Engineer - Computer Vision/NLP,Scandid,5-10 Yrs,N/A,Pune,"matlab, hive, algorithms, data analysis, scikit-learn, neural networks, apache pig, mxnet",3+ weeks ago,https://www.naukri.com/job-listings-machine-learning-engineer-computer-vision-nlp-scandid-pune-5-to-10-years-040225513474,Machine Learning Engineer,2026-04-12 11:46:50
Naukri,Machine Learning Ops Engineer,Michelin,13-15 Yrs,N/A,Pune,"continuous integration, Automation, GIT, Demand forecasting, Machine learning, Cloud, Troubleshooting, Continuous improvement",3+ weeks ago,https://www.naukri.com/job-listings-machine-learning-ops-engineer-michelin-pune-13-to-15-years-180226501201,Machine Learning Engineer,2026-04-12 11:46:50
Naukri,Machine Learning Engineer,Talent Corner Hr Services,2-7 Yrs,10-20 Lacs PA,"Pune, Noida, Hyderabad, Navi Mumbai, Gurugram, Chennai, Bengaluru, Delhi / NCR, Mumbai (All Areas)","SQL, Power Bi, Data Visualization, Machine Learning, Ml Algorithms, Python, Algorithms, Data",3+ weeks ago,https://www.naukri.com/job-listings-machine-learning-engineer-talent-corner-hr-services-noida-hyderabad-navi-mumbai-pune-gurugram-chennai-bengaluru-delhi-ncr-mumbai-all-areas-2-to-7-years-120326000482,Machine Learning Engineer,2026-04-12 11:46:51
Naukri,Machine Learn Engineer 4,Silicon Image India Research Development,7-12 Yrs,N/A,Pune,"Semiconductor, FPGA, Product innovation, Focus, Intellectual property, Debugging, Hardware, Customer service",3+ weeks ago,https://www.naukri.com/job-listings-machine-learn-engineer-4-silicon-image-india-research-development-pvt-ltd-pune-7-to-12-years-210226500062,Machine Learning Engineer,2026-04-12 11:46:51
Naukri,Machine Learn Engineer,Silicon Image India Research Development,15-20 Yrs,N/A,Pune,"Semiconductor, Neural networks, Product innovation, Intellectual property, Deployment, Hardware, Customer service, Manufacturing operations",3+ weeks ago,https://www.naukri.com/job-listings-machine-learn-engineer-silicon-image-india-research-development-pvt-ltd-pune-15-to-20-years-200226500390,Machine Learning Engineer,2026-04-12 11:46:51
Naukri,Machine Learning Engineer Data Scientist,Fusemachines,3-8 Yrs,N/A,Pune,"Data analysis, Coding, Consulting, Machine learning, Cost reduction, Hypothesis Testing, Operations, Monitoring",3+ weeks ago,https://www.naukri.com/job-listings-machine-learning-engineer-data-scientist-fusemachines-pune-3-to-8-years-280126506674,Machine Learning Engineer,2026-04-12 11:46:51
Naukri,Junior Data Scientist,Innovant,2-4 Yrs,N/A,Pune,"CVS, Artificial Intelligence, Machine learning, MySQL, Natural language processing, Management, Robotics, Python",3+ weeks ago,https://www.naukri.com/job-listings-junior-data-scientist-innovant-ai-pune-2-to-4-years-041125501927,Junior Data Scientist,2026-04-12 11:47:04
Naukri,Internship - Seeking Data Scientist Intern,Dendrite,N/A,Unpaid,Pune,,Starts in 1-3 months,https://www.naukri.com/job-listings-internship-seeking-data-scientist-intern-dendrite-ai-pune-0-to-1-years-230925505084,Junior Data Scientist,2026-04-12 11:47:04
Naukri,Lead Data Scientist- Gen AI,Fractal Analytics,10-16 Yrs,N/A,"Pune, Bengaluru, Delhi / NCR","Generative Ai, Natural Language Processing, Data Science, Tensorflow, Neural Networks, Bert, Machine Learning, Deep Learning",4 days ago,https://www.naukri.com/job-listings-lead-data-scientist-gen-ai-fractal-analytics-pune-bengaluru-delhi-ncr-10-to-16-years-221025022765,Junior Data Scientist,2026-04-12 11:47:05
Naukri,Retail - Consultant - Retail Specialized Data Scientist,Accenture,2-6 Yrs,N/A,"Pune, Hyderabad, Bengaluru","python, data manipulation, machine learning, artificial intelligence, statistics, algorithms, power bi, unsupervised learning",1 week ago,https://www.naukri.com/job-listings-retail-consultant-retail-specialized-data-scientist-accenture-solutions-pvt-ltd-hyderabad-pune-bengaluru-2-to-6-years-300326927187,Junior Data Scientist,2026-04-12 11:47:05
Naukri,Senior Data Scientist/ Data Scientist,Fractal Analytics,5-10 Yrs,N/A,"Pune, Mumbai, Chennai, Gurugram, Bengaluru","RCA, Software design, Version control, Coding, Machine learning, Data structures, Project delivery, Monitoring",3+ weeks ago,https://www.naukri.com/job-listings-senior-data-scientist-data-scientist-fractal-analytics-ltd-mumbai-pune-chennai-gurugram-bengaluru-5-to-10-years-060225508191,Junior Data Scientist,2026-04-12 11:47:07
Naukri,Senior Data Scientist - Generative AI,Fractal Analytics,5-10 Yrs,N/A,"Pune, Noida, Mumbai, Chennai, Gurugram, Bengaluru","QA, Bfsi, GCP, Healthcare, FMCG, Research, Open source, AWS",3+ weeks ago,https://www.naukri.com/job-listings-senior-data-scientist-generative-ai-fractal-analytics-ltd-noida-mumbai-pune-chennai-gurugram-bengaluru-5-to-10-years-030625501690,Junior Data Scientist,2026-04-12 11:47:07
Naukri,Data Scientist Consultant,Birlasoft,6-8 Yrs,N/A,"Pune, Noida, Bengaluru","Artificial Intelligence, Natural Language Processing, Machine Learning, Gcp Cloud, Python, Machine, Cloud, Processing",1 week ago,https://www.naukri.com/job-listings-data-scientist-consultant-birlasoft-noida-pune-bengaluru-6-to-8-years-020426013783,Junior Data Scientist,2026-04-12 11:47:16
Naukri,Lead Data Scientist - INDIA,Infosys,10-15 Yrs,N/A,"Pune, Hyderabad, Bengaluru","Data Science, Machine Learning, Python, Science, Machine, Data",2 weeks ago,https://www.naukri.com/job-listings-lead-data-scientist-india-infosys-hyderabad-pune-bengaluru-10-to-15-years-270326009884,Junior Data Scientist,2026-04-12 11:47:16
Naukri,Lead Data Scientist- Reinforcement Learning,Fractal Analytics,10-15 Yrs,N/A,"Pune, Bengaluru, Delhi / NCR","Natural Language Processing, Reinforcement Learning, Machine Learning Algorithms, Machine Learning, Python, Machine, Reinforcement, Processing",3 weeks ago,https://www.naukri.com/job-listings-lead-data-scientist-reinforcement-learning-fractal-analytics-pune-bengaluru-delhi-ncr-10-to-15-years-200326028240,Junior Data Scientist,2026-04-12 11:47:18
Naukri,Senior Data Scientist,Red Hat,4-7 Yrs,N/A,Pune,"data scientist, kubernetes, python, github, project management, data analytics, data analysis, natural language processing",1 week ago,https://www.naukri.com/job-listings-senior-data-scientist-red-hat-india-pvt-ltd-pune-4-to-7-years-300326909834,Junior Data Scientist,2026-04-12 11:47:19
Naukri,"Opening For Gen AI_ Data Scientist, Immediate Joiner",Ltimindtree,5-10 Yrs,N/A,"Hybrid - Pune, Chennai, Bengaluru","Generative Ai, Langgraph, Retrieval Augmented Generation, Agentic Ai, Langchain, Crew AI, Python, Artificial Intelligence",2 weeks ago,https://www.naukri.com/job-listings-opening-for-gen-ai-data-scientist-immediate-joiner-ltimindtree-pune-chennai-bengaluru-5-to-10-years-260326015525,Junior Data Scientist,2026-04-12 11:47:19
Naukri,"Specialist Data Scientist, Actimize (AML Analyst)",NiCE,8-12 Yrs,N/A,Hybrid - Pune,"risk management, aml, python, cdd, data analysis, analytical, anti money laundering, edd",3 days ago,https://www.naukri.com/job-listings-specialist-data-scientist-actimize-aml-analyst-nice-interactive-pune-8-to-12-years-080426014793,Junior Data Scientist,2026-04-12 11:47:19
Naukri,Data Scientist Professional,Photon,6-9 Yrs,N/A,"Pune, Kolkata, Mumbai, New Delhi, Hyderabad, Chennai, Bengaluru","hive, snowflake, python, modeling, oracle, data warehousing, microsoft azure, problem solving",3+ weeks ago,https://www.naukri.com/job-listings-data-scientist-professional-photon-infotech-p-ltd-kolkata-mumbai-new-delhi-hyderabad-pune-chennai-bengaluru-6-to-9-years-270225501150,Junior Data Scientist,2026-04-12 11:47:20
Naukri,Senior Data Scientist,Celebal Technologies,3-8 Yrs,15-30 Lacs PA (Including Variable: 10.0%),"Pune, Noida, Bengaluru","MLOps, Cloud, Databricks, Machine Learning, Deep Learning, DSA, Langchain, RAG",4 days ago,https://www.naukri.com/job-listings-senior-data-scientist-celebal-technologies-noida-pune-bengaluru-3-to-8-years-070426018005,Junior Data Scientist,2026-04-12 11:47:29
Naukri,Senior/Lead Data Scientist,Tredence,6-11 Yrs,N/A,"Hybrid - Pune, Gurugram, Bengaluru","Revenue Growth, Pricing Analytics, Price Optimization, Machine Learning, Data Science, Optimization, Analytics, Data",3 days ago,https://www.naukri.com/job-listings-senior-lead-data-scientist-tredence-pune-gurugram-bengaluru-6-to-11-years-080426020099,Junior Data Scientist,2026-04-12 11:47:30
Naukri,Senior Data Scientist,Globant,5-10 Yrs,N/A,"Hybrid - Pune, Hyderabad, Bengaluru","Generative Ai, Natural Language Processing, Machine Learning, Vertex Ai, Python, Bedrock, Statistics, artificial intelligence",3 days ago,https://www.naukri.com/job-listings-senior-data-scientist-globant-hyderabad-pune-bengaluru-5-to-10-years-030625924355,Junior Data Scientist,2026-04-12 11:47:30
Naukri,Sr Research Data Scientist,Persistent,3-5 Yrs,N/A,Pune,"GenAI, NLP, Machine Learning, SR, Data, Machine, Natural language processing, Research",1 week ago,https://www.naukri.com/job-listings-sr-research-data-scientist-persistent-pune-3-to-5-years-310326038490,Junior Data Scientist,2026-04-12 11:47:30
Naukri,Sr Data Scientist - (AI & Healthcare analytics),Fractal Analytics,7-12 Yrs,N/A,Pune,"Health insurance, Claims, Performance management, HIPAA, Healthcare, healthcare analytics, Project delivery, Stakeholder management",2 weeks ago,https://www.naukri.com/job-listings-sr-data-scientist-ai-healthcare-analytics-fractal-analytics-ltd-pune-7-to-12-years-240326502698,Junior Data Scientist,2026-04-12 11:47:30
Naukri,Senior Data Scientist IT Operations & Analytics,Atos,15-20 Yrs,N/A,Pune,"Senior Data Scientist IT Operations & Analytics, Data, IT operations, Data analytics, Operations, Senior, Analytics",2 weeks ago,https://www.naukri.com/job-listings-senior-data-scientist-it-operations-analytics-atos-pvt-ltd-pune-15-to-20-years-230326504732,Junior Data Scientist,2026-04-12 11:47:30
Naukri,Senior Data Scientist - IT Operations & Analytics,Atos,3-8 Yrs,N/A,Pune,"Computer science, Automation, Incident management, Data quality, IT operations, SCCM, Forecasting, Operations",3+ weeks ago,https://www.naukri.com/job-listings-senior-data-scientist-it-operations-analytics-atos-pvt-ltd-pune-3-to-8-years-090326503001,Junior Data Scientist,2026-04-12 11:47:31
Naukri,Data Scientist Intern Rigbot,rigbot.com,N/A,Unpaid,"Pune, Kolkata, Mumbai, New Delhi, Hyderabad, Chennai, Bengaluru",,Starts in 1-3 months,https://www.naukri.com/job-listings-data-scientist-intern-rigbot-rigbot-com-kolkata-mumbai-new-delhi-hyderabad-pune-chennai-bengaluru-5-to-8-years-081117500277,Junior Data Scientist,2026-04-12 11:47:31
Naukri,Associate Lead Data Scientist,Bajaj Finance,5-8 Yrs,N/A,Pune,"Java, Azure, Data Preprocessing, Scala, Cassandra, Feature Engineering, AI, Scikit-learn",1 week ago,https://www.naukri.com/job-listings-associate-lead-data-scientist-bajaj-finance-limited-pune-5-to-8-years-300326920312,Junior Data Scientist,2026-04-12 11:47:31
Naukri,Lead Data Scientist- Reinforcement Learning,Fractal Analytics,5-10 Yrs,N/A,Pune,"Agile, Programming, Management, Analytics, Project execution, SQL, Python, Reinforcement Learning",1 week ago,https://www.naukri.com/job-listings-lead-data-scientist-reinforcement-learning-fractal-analytics-ltd-pune-5-to-10-years-020426503866,Junior Data Scientist,2026-04-12 11:47:32
Naukri,Senior Data Scientist,Tredence,5-9 Yrs,N/A,"Hybrid - Pune, Hyderabad, Bengaluru","Predictive Modeling, Langchain, Natural Language Processing, Machine Learning, Deep Learning, Pytorch, Tensorflow, Scikit-Learn",1 week ago,https://www.naukri.com/job-listings-senior-data-scientist-tredence-hyderabad-pune-bengaluru-5-to-9-years-010426017368,Junior Data Scientist,2026-04-12 11:47:32
Naukri,Senior Data Scientist,Mastercard,6-9 Yrs,N/A,Pune,"advanced analytics, Product engineering, Usage, Information security, Project management, Machine learning, Technical leadership, Operations",2 weeks ago,https://www.naukri.com/job-listings-senior-data-scientist-mastercard-pune-6-to-9-years-240326500707,Junior Data Scientist,2026-04-12 11:47:32
Naukri,Lead Data Scientist/Senior Data Scientist,Tredence,6-11 Yrs,N/A,"Hybrid - Pune, Gurugram, Bengaluru","Machine Learning, Pricing, Python, Revenue growth management, Revenue Management, Price elasticity, Pricing Models, Price Optimization",1 week ago,https://www.naukri.com/job-listings-lead-data-scientist-senior-data-scientist-tredence-pune-gurugram-bengaluru-6-to-11-years-230326007260,Junior Data Scientist,2026-04-12 11:47:33
Naukri,Senior Manager Data Scientist,Tredence,12-17 Yrs,N/A,"Hybrid - Pune, Gurugram, Bengaluru","Generative Ai, Aiml, Machine Learning, Artificial Intelligence, Natural Language Processing, Deep Learning, Python, Data",1 week ago,https://www.naukri.com/job-listings-senior-manager-data-scientist-tredence-pune-gurugram-bengaluru-12-to-17-years-030426015173,Junior Data Scientist,2026-04-12 11:47:33
Naukri,Senior Data Scientist-1,Mastercard,5-10 Yrs,N/A,Pune,"data scientist, python, technical leadership, data pipelines, data engineering, alerting, analytics, data quality",3 weeks ago,https://www.naukri.com/job-listings-senior-data-scientist-1-mastercard-india-services-private-limited-pune-5-to-10-years-190326918792,Junior Data Scientist,2026-04-12 11:47:33
Internshala,N/A,N/A,Fresher/Intern,"₹ 6,000 - 17,000 /month",N/A,N/A,N/A,https://internshala.com/internship/detail/quality-assurance-production-manager-internship-in-greater-noida-at-assocom-foods-private-limited1775111169,data-science,2026-04-12 11:47:42
